-- MySQL dump 10.13  Distrib 8.0.44, for Win64 (x86_64)
--
-- Host: localhost    Database: myconcrete_v2
-- ------------------------------------------------------
-- Server version	8.0.44

/*!40101 SET @OLD_CHARACTER_SET_CLIENT=@@CHARACTER_SET_CLIENT */;
/*!40101 SET @OLD_CHARACTER_SET_RESULTS=@@CHARACTER_SET_RESULTS */;
/*!40101 SET @OLD_COLLATION_CONNECTION=@@COLLATION_CONNECTION */;
/*!50503 SET NAMES utf8mb4 */;
/*!40103 SET @OLD_TIME_ZONE=@@TIME_ZONE */;
/*!40103 SET TIME_ZONE='+00:00' */;
/*!40014 SET @OLD_UNIQUE_CHECKS=@@UNIQUE_CHECKS, UNIQUE_CHECKS=0 */;
/*!40014 SET @OLD_FOREIGN_KEY_CHECKS=@@FOREIGN_KEY_CHECKS, FOREIGN_KEY_CHECKS=0 */;
/*!40101 SET @OLD_SQL_MODE=@@SQL_MODE, SQL_MODE='NO_AUTO_VALUE_ON_ZERO' */;
/*!40111 SET @OLD_SQL_NOTES=@@SQL_NOTES, SQL_NOTES=0 */;

--
-- Table structure for table `audit_logs`
--

DROP TABLE IF EXISTS `audit_logs`;
/*!40101 SET @saved_cs_client     = @@character_set_client */;
/*!50503 SET character_set_client = utf8mb4 */;
CREATE TABLE `audit_logs` (
  `id` char(36) COLLATE utf8mb4_general_ci NOT NULL,
  `action` varchar(100) COLLATE utf8mb4_general_ci NOT NULL,
  `performed_by` char(36) COLLATE utf8mb4_general_ci NOT NULL,
  `target_id` char(36) COLLATE utf8mb4_general_ci DEFAULT NULL,
  `description` text COLLATE utf8mb4_general_ci,
  `created_at` timestamp NOT NULL DEFAULT CURRENT_TIMESTAMP,
  PRIMARY KEY (`id`),
  KEY `idx_audit_user` (`performed_by`),
  CONSTRAINT `audit_logs_ibfk_1` FOREIGN KEY (`performed_by`) REFERENCES `users` (`id`)
) ENGINE=InnoDB DEFAULT CHARSET=utf8mb4 COLLATE=utf8mb4_general_ci;
/*!40101 SET character_set_client = @saved_cs_client */;

--
-- Dumping data for table `audit_logs`
--

LOCK TABLES `audit_logs` WRITE;
/*!40000 ALTER TABLE `audit_logs` DISABLE KEYS */;
INSERT INTO `audit_logs` VALUES ('0022709a-1634-4ec8-80ab-1087bacfd8af','USER_LOGIN','6074e338-4bc4-439b-9c63-37129e37b8b8','6074e338-4bc4-439b-9c63-37129e37b8b8','User chethanrajc2004@gmail.com logged in','2026-02-25 09:20:22'),('005c243a-2e6a-4fbe-9fe4-d22800e4487e','USER_LOGIN','u3','u3','User pm1@mc.com logged in','2026-02-25 04:41:36'),('00e47d64-7301-42d0-97eb-21b3baf69074','USER_LOGIN','u7','u7','User finance1@mc.com logged in','2026-02-25 06:23:01'),('00f1e41f-2a58-4fb0-8a7b-ecc57bf708ce','USER_LOGIN','u2','u2','User admin@mc.com logged in','2026-03-12 09:13:09'),('00fb23fc-aaae-47f4-b896-f989b0b4c94a','PASSWORD_RESET','6074e338-4bc4-439b-9c63-37129e37b8b8','6074e338-4bc4-439b-9c63-37129e37b8b8','Password reset completed for chethanrajc2004@gmail.com','2026-02-25 09:19:23'),('0136dec4-9b05-447f-b78c-812731877c6d','ADD_WORKLOG_IMAGES','u5','e45f66f7-71ee-44b7-916d-e4ce2dbdb101','Added 1 image(s) to work log','2026-03-13 08:59:57'),('022bd6ec-58cb-46b9-8315-56ca05b9dae3','USER_LOGIN','u2','u2','User admin@mc.com logged in','2026-03-02 05:10:37'),('022c3b66-1501-410f-b7f5-50b5d25c1aa4','USER_LOGIN','u4','u4','User pm2@mc.com logged in','2026-02-28 05:22:54'),('02785ffe-fef2-41dd-90f0-6fa8bdbf8c37','USER_LOGIN','u2','u2','User admin@mc.com logged in','2026-02-25 05:19:22'),('02ae16e3-e693-4edf-8d9a-1ef84f005eca','DEACTIVATE_USER','u1','u6','Deactivated user site2@mc.com. Reason: Deactivated by admin','2026-03-12 10:02:33'),('037f1018-ad90-4802-ab2a-a3ffd0be488e','ADD_WORKLOG_IMAGES','u5','e45f66f7-71ee-44b7-916d-e4ce2dbdb101','Added 1 image(s) to work log','2026-03-13 09:10:12'),('03a3f46c-0d6c-4675-ba9c-08d827ac35ca','STATUS_CHANGE','u3','c1e63a09-4d34-429c-9b4a-921844d3e52a','Changed project Project 123 status from ADVANCE_PAID to WORK_STARTED','2026-02-25 05:28:05'),('04a7a111-cffe-49a9-9de5-4135a410b815','USER_LOGIN','u2','u2','User admin@mc.com logged in','2026-02-25 05:55:02'),('04ffa567-8745-4b64-8180-d748392a9713','DEACTIVATE_USER','u1','u8','Deactivated user finance2@mc.com. Reason: Deactivated by admin','2026-03-12 10:02:39'),('052f3cd4-c401-4006-a87e-5308e1e8affe','USER_LOGIN','u2','u2','User admin@mc.com logged in','2026-03-02 04:57:27'),('05645fba-f9e9-429f-8610-e28ae54e0320','PASSWORD_RESET','82280bf4-651d-43d9-8022-43988252741c','82280bf4-651d-43d9-8022-43988252741c','Password reset completed for 2004chethanrajc@gmail.com','2026-02-25 09:17:20'),('059c1d55-958d-4d47-b05a-77dc23132774','USER_LOGIN','u3','u3','User pm1@mc.com logged in','2026-02-27 05:46:56'),('05e7c93e-5f74-4819-a0cd-2300f2966161','APPROVE_QUOTATION','501da61c-3845-4dc3-bddc-c20287630658','3763a4c1-5fa9-4eed-bb90-12bae2735c71','Approved quotation for project Sibi','2026-03-03 04:09:14'),('087f28b2-0260-4525-9384-1e3b6812c96e','USER_LOGIN','u1','u1','User super@mc.com logged in','2026-03-12 09:49:24'),('08816bc2-a72d-4ce4-98a8-709d3cd3c09b','SCHEDULE_VISIT','u3','0ba486f6-f3cb-4b52-ba0f-da25545cd0d4','Scheduled visit for project Test Notification Fixed on 2026-03-12 at 14:20:00','2026-03-12 08:51:35'),('08bca478-2ca3-4b35-af6f-9824e199d061','PASSWORD_RESET_REQUEST','6074e338-4bc4-439b-9c63-37129e37b8b8','6074e338-4bc4-439b-9c63-37129e37b8b8','Password reset OTP sent to chethanrajc2004@gmail.com','2026-02-25 09:18:37'),('090d013f-71ea-490a-9aa1-260c1e7cbf02','CREATE_EXTRA_CHARGE','u7','2ffded40-c0ef-4407-8e8d-2c630a449aa6','Created extra charge of 100 for project Project 123: Helodilla','2026-02-25 07:25:53'),('09d7ebce-49e1-4ef9-8c7a-ef3ee47a7f86','CREATE_PAYMENT','501da61c-3845-4dc3-bddc-c20287630658','f7d4e3ee-5e1e-406b-822e-dd5b118cde66','Created final payment of 15 via cash for project Bs (Total: 45.00, Already paid: 30.00, Extra charges: 20.00)','2026-02-28 06:10:02'),('09f61eff-6977-4e33-8208-fde4df7670f8','PAY_EXTRA_CHARGE','501da61c-3845-4dc3-bddc-c20287630658','0a4e5d6a-25d1-4b68-99bf-0b27010d1533','Paid extra charge of 12.00 via cash for project Sibi','2026-03-03 04:11:05'),('0a2e2504-c589-46d1-a5ed-7dbfbcfd6920','SCHEDULE_VISIT','u3','5161dc22-f66d-4122-901e-e267b1204ba3','Scheduled visit for project Chethan on 2026-02-28 at 10:00:00','2026-02-27 05:47:34'),('0a9b255b-e2d3-4f2d-a4ca-bfed7d94a656','DEACTIVATE_USER','u1','82280bf4-651d-43d9-8022-43988252741c','Deactivated user 2004chethanrajc@gmail.com. Reason: Deactivated by admin','2026-03-12 10:04:03'),('0aa59b4d-0227-4599-be20-da4ae4b77dd1','USER_LOGIN','u2','u2','User admin@mc.com logged in','2026-03-02 04:39:10'),('0ab9c62f-b10c-4fc3-9428-6eb0230d1d4a','STATUS_CHANGE','u3','2591b94c-43d1-45e1-8590-6d62c8ba1369','Changed project Sibi status from PM_ASSIGNED to VISIT_DONE','2026-03-03 04:05:16'),('0adf84bf-e830-453d-8b66-d688030161f4','SCHEDULE_VISIT','u3','48ab9ee4-7f9a-4b87-a5b4-09ec57170911','Scheduled visit for project Test Notification Fixed on 2026-03-12 at 14:16:00','2026-03-12 08:46:17'),('0b0c5330-5418-4c69-8f97-7115ea64001f','DEACTIVATE_USER','u1','u9','Deactivated user cust1@mc.com. Reason: Deactivated by admin','2026-03-12 10:03:07'),('0bd433ef-e0ee-43c1-b010-865600c469a9','USER_LOGIN','501da61c-3845-4dc3-bddc-c20287630658','501da61c-3845-4dc3-bddc-c20287630658','User sibi@male.com logged in','2026-03-03 04:08:42'),('0bea566e-5e94-403c-b856-b5e65a123202','REJECT_VISIT','u5','9122e7ce-1d58-47d9-bedf-2578967f8b73','Rejected visit. Reason: Ek dm dm','2026-03-13 08:17:47'),('0c24336c-12fd-41ed-a93e-3406ddedc0f8','ASSIGN_FINANCE','u2','e05ab828-6eef-4c8d-afa3-30db421a6f5a','Assigned Finance u7 to project Testing last bug fix','2026-03-13 06:33:54'),('0eca842c-0077-4c21-bbe0-af07a3ec15c1','SIGNATURE_UPLOAD','501da61c-3845-4dc3-bddc-c20287630658','2591b94c-43d1-45e1-8590-6d62c8ba1369','Customer signed project 2591b94c-43d1-45e1-8590-6d62c8ba1369','2026-03-03 04:14:17'),('0ee7f0cd-ebf8-41e2-9e54-2fcf3443e5a8','USER_LOGIN','u7','u7','User finance1@mc.com logged in','2026-03-02 05:06:49'),('0f49cac0-e2dd-4849-a39f-18abadf8f22e','USER_LOGIN','u2','u2','User admin@mc.com logged in','2026-02-27 06:16:24'),('102f517c-15e6-40e2-8cd8-8cad4202a8c9','USER_LOGIN','u3','u3','User pm1@mc.com logged in','2026-03-02 04:57:14'),('10eb14f2-682e-4a1d-abd8-bc47a2784b92','DEACTIVATE_USER','u1','u10','Deactivated user cust2@mc.com. Reason: Deactivated by admin','2026-03-12 10:02:59'),('12c9685b-e3ce-489d-a8b0-f5397f95e2c2','STATUS_CHANGE','u2','c1e63a09-4d34-429c-9b4a-921844d3e52a','Changed project Project 123 status from FINAL_PAID to CLOSED','2026-02-25 06:23:32'),('12f6c72c-f047-4fee-bc03-ef26807c9b9f','STATUS_CHANGE','u4','a8a2e8c5-2a1e-4439-8147-395a2669c47d','Changed project web project status from ADVANCE_PAID to WORK_STARTED','2026-03-02 08:25:30'),('13ac3342-2441-4e58-9e9c-8be4439394bc','USER_LOGIN','u2','u2','User admin@mc.com logged in','2026-02-25 04:46:50'),('15b9021a-8771-49d9-a800-1a0daedf2c47','USER_LOGIN','u2','u2','User admin@mc.com logged in','2026-02-23 08:48:06'),('164686d4-82cc-42b2-b35b-fc455b264840','USER_LOGIN','u1','u1','User super@mc.com logged in','2026-03-12 10:55:25'),('17038f8c-7302-496d-ab6c-f0eb1a09969c','ASSIGN_PM','u2','c1e63a09-4d34-429c-9b4a-921844d3e52a','Assigned PM u3 to project Project 123','2026-02-23 10:19:11'),('170be325-e87b-409a-96ba-a1cbaa975875','USER_LOGIN','u3','u3','User pm1@mc.com logged in','2026-03-13 08:23:22'),('1895c7ca-8796-43ea-a3bc-86449af4841d','USER_LOGIN','u5','u5','User site1@mc.com logged in','2026-03-02 04:58:14'),('18bd2fcc-ee71-492b-b139-362b6d7f83b5','ASSIGN_PM','u2','135b0ded-37a4-4389-94e2-371aba6fc438','Assigned PM u4 to project Bs','2026-02-28 05:21:07'),('18d03009-f55e-4e09-b53b-f80bd18c4dc7','USER_LOGIN','u2','u2','User admin@mc.com logged in','2026-02-27 04:00:44'),('190da464-2bdb-405b-b891-19432ed19bd6','USER_LOGIN','u5','u5','User site1@mc.com logged in','2026-02-25 05:28:32'),('1968f491-86ef-4d7c-b7b8-888d6d3ed705','USER_LOGIN','u7','u7','User finance1@mc.com logged in','2026-03-02 04:20:07'),('1982c94c-47b3-43eb-b778-7da06e167b97','USER_LOGIN','u3','u3','User pm1@mc.com logged in','2026-02-25 05:45:02'),('19ade58d-8557-4837-be92-ad9aee0ebd68','USER_LOGIN','u3','u3','User pm1@mc.com logged in','2026-02-26 06:26:20'),('1a1fc33c-e607-4a2a-92a5-ac3a591abfd3','APPROVE_QUOTATION','501da61c-3845-4dc3-bddc-c20287630658','d4456383-5ff9-46b7-a788-7575ecb3fb28','Approved quotation for project Testing last bug fix','2026-03-13 08:31:10'),('1ac9b819-8323-4cb7-bb09-1482fff2a0fa','SCHEDULE_VISIT','u3','f4ea3a80-2910-401b-9295-2a52da2c5ae5','Scheduled visit for project Sibi on 2026-03-03 at 09:34:00','2026-03-03 04:04:29'),('1b40aa7c-298d-4002-b59b-9251289993bd','DEACTIVATE_USER','u1','758104ad-8d77-4c8f-ad72-f66a992a4f8f','Deactivated user chethan@mc.com. Reason: Deactivated by admin','2026-03-12 09:55:52'),('1b7283a2-d422-42bc-a3ef-1bf4f82393c7','STATUS_CHANGE','u4','a8a2e8c5-2a1e-4439-8147-395a2669c47d','Changed project web project status from PM_ASSIGNED to VISIT_DONE','2026-03-02 04:59:05'),('1b8d0492-fb11-4b67-815d-635d6927b505','SUBMIT_REPORT','u5','3c2556f6-bfb0-4395-a5d0-05c06516dcd7','Submitted site report for project Sibi','2026-03-03 04:06:41'),('1b8e41bb-eeeb-4641-9670-0e825567fe2f','ACTIVATE_USER','u1','82280bf4-651d-43d9-8022-43988252741c','Activated user 2004chethanrajc@gmail.com','2026-03-12 09:56:48'),('1bf34673-1baf-47eb-9105-339f3fbaf8e2','USER_LOGIN','u2','u2','User admin@mc.com logged in','2026-03-12 09:08:27'),('1c3053c2-d771-471d-9e9b-951d0f16ebba','USER_LOGIN','u1','u1','User super@mc.com logged in','2026-03-12 09:47:30'),('1ce0cc93-413d-484d-949b-6628733c454e','CREATE_PROJECT','501da61c-3845-4dc3-bddc-c20287630658','af9a8f80-23d8-48d5-8108-a18ea911a5db','Created project Testing bug from customer creating project for customer 501da61c-3845-4dc3-bddc-c20287630658','2026-03-13 09:43:01'),('1ce0e102-870e-4c27-bb07-47d8e4c05eb9','SIGNATURE_UPLOAD','501da61c-3845-4dc3-bddc-c20287630658','135b0ded-37a4-4389-94e2-371aba6fc438','Customer signed project 135b0ded-37a4-4389-94e2-371aba6fc438','2026-02-28 05:37:52'),('1d0f87e9-0a27-4aa1-aeca-82258f042439','USER_LOGIN','u8','u8','User finance2@mc.com logged in','2026-03-02 08:40:15'),('1da948c4-caac-4981-9031-3a8cc888f23f','USER_LOGIN','u2','u2','User admin@mc.com logged in','2026-03-12 09:03:48'),('1db81d51-1586-40f7-9c4c-1ebe09bdaa49','DEACTIVATE_USER','u1','u11','Deactivated user cust3@mc.com. Reason: Deactivated by admin','2026-03-12 10:06:55'),('1dbc96fb-eff6-4db6-b134-af306f910f70','USER_LOGIN','u3','u3','User pm1@mc.com logged in','2026-02-27 06:57:11'),('1e0847e5-5c5e-4695-94c6-9264615f6f77','USER_LOGIN','u5','u5','User site1@mc.com logged in','2026-03-13 07:50:05'),('1e601e4c-efe9-4438-9d5c-221587c88fde','USER_LOGIN','501da61c-3845-4dc3-bddc-c20287630658','501da61c-3845-4dc3-bddc-c20287630658','User sibi@male.com logged in','2026-02-26 10:52:49'),('1e744cb2-4080-4291-810b-2b02434d0e3a','USER_LOGIN','501da61c-3845-4dc3-bddc-c20287630658','501da61c-3845-4dc3-bddc-c20287630658','User sibi@male.com logged in','2026-03-13 08:30:02'),('1f1313ad-dfb7-403d-9e99-9b2202fe6909','USER_LOGIN','501da61c-3845-4dc3-bddc-c20287630658','501da61c-3845-4dc3-bddc-c20287630658','User sibi@male.com logged in','2026-03-02 08:39:35'),('1f95c96e-a4c3-4749-b776-65e4004602c2','PASSWORD_RESET_REQUEST','82280bf4-651d-43d9-8022-43988252741c','82280bf4-651d-43d9-8022-43988252741c','Password reset OTP sent to 2004chethanrajc@gmail.com','2026-02-25 09:16:48'),('1fa940b4-3b51-4227-b6e1-92a96e8296d7','USER_LOGIN','u5','u5','User site1@mc.com logged in','2026-03-13 08:33:04'),('21a153c3-89b3-4d80-91e6-356b6416b734','SCHEDULE_VISIT','u3','81b77185-8fa1-49e1-988a-72e43662c4e0','Scheduled visit for project Testing last bug fix on 2026-03-16 at 13:51:00','2026-03-13 08:21:28'),('21f4b47f-fc9a-4d5d-b0c5-f41716b140ab','GENERATE_QUOTATION','u8','276d8fce-514d-49de-b636-38f248e29f8f','Generated quotation for project web project with total cost 11.99 and advance 5','2026-03-02 07:13:07'),('222dfc92-c12c-4b4c-8b3d-473aa0f1476e','OTP_VERIFIED','82280bf4-651d-43d9-8022-43988252741c','82280bf4-651d-43d9-8022-43988252741c','OTP verified for 2004chethanrajc@gmail.com','2026-02-25 09:17:06'),('2271af6b-8d29-42a5-ac47-dd10db469c54','STATUS_CHANGE','u2','c1e63a09-4d34-429c-9b4a-921844d3e52a','Changed project Project 123 status from FINAL_PAID to CLOSED','2026-02-25 07:26:59'),('232e898e-ca00-47d0-823b-850edb4bcd86','VERIFY_PAYMENT','u7','71a65b61-3484-47db-829f-37d91f94ed54','Verified advance payment of 2.00 for project Chethan','2026-02-27 06:46:01'),('233356e2-d5f9-45e6-b0be-a167cfc7da8d','CREATE_USER','u2','6074e338-4bc4-439b-9c63-37129e37b8b8','Created user chethanrajc2004@gmail.com with role customer','2026-02-25 09:02:46'),('23b516e8-60a5-4e20-b4e6-2dfe759bc26f','USER_LOGIN','u2','u2','User admin@mc.com logged in','2026-03-12 08:48:55'),('24c36839-eab4-443e-9a97-3a283fac3c1f','COMPLETE_VISIT','u5','1155c986-9fdf-419a-9eee-fd513e781314','Marked visit as completed','2026-03-02 04:58:17'),('2504b337-7c5d-4215-bceb-dfafdaa72444','USER_LOGIN','u1','u1','User super@mc.com logged in','2026-03-12 09:44:23'),('253e7fc9-fe7a-494f-aeb5-228f9c2e933f','USER_LOGIN','501da61c-3845-4dc3-bddc-c20287630658','501da61c-3845-4dc3-bddc-c20287630658','User sibi@male.com logged in','2026-02-25 05:31:39'),('27c1cae1-182a-4002-8222-2145b69b9cc4','APPROVE_QUOTATION','501da61c-3845-4dc3-bddc-c20287630658','a7683ae6-07f6-45a9-bea0-78c7681e0d01','Approved quotation for project Project 123','2026-02-25 04:58:42'),('28881960-212d-438f-8aae-25fa48dff2c0','USER_LOGIN','u1','u1','User super@mc.com logged in','2026-03-12 09:49:55'),('298d2694-e9d4-4abc-acca-4bb3b7cce5dd','SCHEDULE_VISIT','u4','514cc016-af57-4829-b490-c409eacf084d','Scheduled visit for project Bs on 2026-02-28 at 10:53:00','2026-02-28 05:23:11'),('29acdfb2-b9a2-46a8-8e05-789471be8c76','DEACTIVATE_USER','u1','u4','Deactivated user pm2@mc.com. Reason: Deactivated by admin','2026-03-12 10:02:23'),('29b828b9-905a-45b7-8113-17a0e4b06e58','CREATE_EXTRA_CHARGE','u7','7566dfc2-31ae-4fb9-9c1b-cf4c42ec2e79','Created extra charge of 125 for project Project 123: Bshsjdj','2026-02-25 06:37:46'),('2a28f035-fe12-4e59-9a94-5150a2f153e2','USER_LOGIN','u8','u8','User finance2@mc.com logged in','2026-03-02 08:34:41'),('2a74cd0e-3496-48d7-8df5-f93cadaaf477','REMOVE_WORKLOG_IMAGE','u5','e45f66f7-71ee-44b7-916d-e4ce2dbdb101','Removed image from work log: /uploads/worklog-image-1773392398247-0-1773392397607-745824867.jpg','2026-03-13 09:01:58'),('2adebe60-47b2-44d8-a725-2989cbf67784','USER_LOGIN','u3','u3','User pm1@mc.com logged in','2026-02-28 05:22:03'),('2b0669b8-5a28-4f71-a0dd-e23243b7cc8d','REJECT_VISIT','u5','b0add329-acbd-4286-b49a-1630c66e50ca','Rejected visit. Reason: Shedule to tomorrow','2026-03-13 07:46:08'),('2ba320be-bd9c-42c7-a791-cf42e1c38236','USER_LOGIN','u2','u2','User admin@mc.com logged in','2026-03-12 09:53:45'),('2bb1f2d8-4f9d-4c56-ab96-b34a95a35a8a','USER_LOGIN','501da61c-3845-4dc3-bddc-c20287630658','501da61c-3845-4dc3-bddc-c20287630658','User sibi@male.com logged in','2026-03-02 07:35:52'),('2bb252a5-debd-4414-864e-48c2337877cc','ASSIGN_SITE','u3','eb2e62ce-383e-48de-98e1-26078111e248','Assigned Site Incharge u5 to project Test Site Assignment Notification','2026-03-12 08:49:33'),('2be0e250-f5a8-4c85-ad30-7588f7c086e4','DEACTIVATE_USER','u1','758104ad-8d77-4c8f-ad72-f66a992a4f8f','Deactivated user chethan@mc.com. Reason: Deactivated by admin','2026-03-12 10:55:32'),('2c262c3d-76ce-4703-9a2a-d32e882895ad','APPROVE_QUOTATION','501da61c-3845-4dc3-bddc-c20287630658','276d8fce-514d-49de-b636-38f248e29f8f','Approved quotation for project web project','2026-03-02 07:27:13'),('2c38f851-3bf4-4f82-a1cd-01493780f08e','VERIFY_PAYMENT','u8','f380728a-224c-44cd-b02b-0ca0451e1c79','Verified final payment of 7.00 for project Sibi','2026-03-03 04:15:12'),('2c9a09cc-abc3-4d9b-8740-9253071f94cf','USER_LOGIN','501da61c-3845-4dc3-bddc-c20287630658','501da61c-3845-4dc3-bddc-c20287630658','User sibi@male.com logged in','2026-02-28 05:29:57'),('2cb442b2-c974-4555-80bb-17b0bced927e','ACTIVATE_USER','u1','u10','Activated user cust2@mc.com','2026-03-12 10:05:45'),('2d578eea-1c33-4bac-b6a7-d8313696fab8','USER_LOGIN','u5','u5','User site1@mc.com logged in','2026-02-28 05:25:39'),('2d5b77cc-554a-4e6f-9b81-c9aa953a1748','PASSWORD_RESET_REQUEST','6074e338-4bc4-439b-9c63-37129e37b8b8','6074e338-4bc4-439b-9c63-37129e37b8b8','Password reset OTP sent to chethanrajc2004@gmail.com','2026-02-25 09:07:49'),('2da62b0e-baeb-4aa0-93f0-e3abf83a4530','PAY_EXTRA_CHARGE','501da61c-3845-4dc3-bddc-c20287630658','7566dfc2-31ae-4fb9-9c1b-cf4c42ec2e79','Paid extra charge of 125.00 via cash for project Project 123','2026-02-25 07:07:12'),('2e150976-3cd5-466f-bab7-9961ad40247d','USER_LOGIN','u7','u7','User finance1@mc.com logged in','2026-02-27 06:34:11'),('2e849e75-d203-4431-a68e-bc02ca6682aa','USER_LOGIN','u1','u1','User super@mc.com logged in','2026-03-12 10:01:34'),('2e893e91-133a-44d0-b140-ce755d68b612','USER_LOGIN','u2','u2','User admin@mc.com logged in','2026-03-12 09:10:01'),('2e8c389e-cf50-480a-9a15-c29342aad5fb','USER_LOGIN','u1','u1','User super@mc.com logged in','2026-03-12 09:53:33'),('2efd6909-4f2f-4d76-9735-6c03acf4a2be','USER_LOGIN','u7','u7','User finance1@mc.com logged in','2026-02-25 05:57:35'),('2f41df35-5957-4684-b741-41df0a6eafdd','STATUS_CHANGE','u1','d69b9666-e218-4dc7-9319-93838ab825c5','Changed project Test Notification Project status from QUOTATION_GENERATED to CUSTOMER_APPROVED','2026-03-12 09:05:53'),('2fbac42c-77d5-4c34-be9b-07a4178c010f','CREATE_PAYMENT','501da61c-3845-4dc3-bddc-c20287630658','96ea59ac-2ffc-4eaf-bccf-734b845d28ef','Created advance payment of 20000 via cash for project Testing last bug fix','2026-03-13 08:31:23'),('2fbf7e51-fe7e-4a4b-913d-97bafe07c950','USER_LOGIN','501da61c-3845-4dc3-bddc-c20287630658','501da61c-3845-4dc3-bddc-c20287630658','User sibi@male.com logged in','2026-02-25 07:07:06'),('30082da5-5108-4411-8798-0e8bff1dc0f8','USER_LOGIN','u1','u1','User super@mc.com logged in','2026-03-02 08:44:58'),('300a5a53-ac1e-4ac8-ab36-7805d365751b','USER_LOGIN','u8','u8','User finance2@mc.com logged in','2026-03-02 05:08:21'),('30cb6814-4e37-4f8b-8f0a-9e57c9176d01','USER_LOGIN','u1','u1','User super@mc.com logged in','2026-02-26 06:26:52'),('31360f99-dc73-4934-8528-05c8468e58ad','USER_LOGIN','u2','u2','User admin@mc.com logged in','2026-02-26 06:38:01'),('32089ca5-992f-4fc7-b417-0c5ba2c075b0','ASSIGN_SITE','u3','d69b9666-e218-4dc7-9319-93838ab825c5','Assigned Site Incharge u5 to project Test Notification Project','2026-03-12 09:00:06'),('32a5e027-fd16-4c49-a03a-929b6e9311d4','ASSIGN_FINANCE','u2','c1e63a09-4d34-429c-9b4a-921844d3e52a','Assigned Finance u7 to project Project 123','2026-02-23 10:20:18'),('33ad6479-12de-49aa-b9c9-26c3f1da488a','VERIFY_PAYMENT','u7','65306802-4333-4a82-9f1c-fe7c9e5d3c0f','Verified final payment of 15.00 for project Bs','2026-02-28 06:10:26'),('33d63c63-9c49-4222-b7fd-1ab9d7c772f9','CREATE_PROJECT','u2','053b7b02-1d50-4def-9a1f-57e5dc9122b0','Created project New project for customer 501da61c-3845-4dc3-bddc-c20287630658','2026-02-23 09:52:01'),('3425c57b-bf5e-4409-ab6a-ed63044cdd81','CREATE_USER','u1','10fb3610-39ec-4004-badf-af023fdd9412','Created user annappa@super.com with role super_admin','2026-03-13 04:57:12'),('346accc0-a345-48bc-87b7-199d988c5644','CREATE_PROJECT','u2','2de2c025-256b-4421-a522-463af92c87d0','Created project Testing last bug fix for customer 501da61c-3845-4dc3-bddc-c20287630658 with PM u3','2026-03-13 06:29:03'),('35aa9da6-79fc-4e71-8fbf-5afafd2363aa','CREATE_USER','u1','82280bf4-651d-43d9-8022-43988252741c','Created user 2004chethanrajc@gmail.com with role admin','2026-02-23 09:22:28'),('35d8d055-74a2-4f81-b1e9-9e342340157b','USER_LOGIN','u2','u2','User admin@mc.com logged in','2026-02-23 10:32:23'),('3656f98e-601e-4509-9e55-ed915f3a1272','SCHEDULE_VISIT','u3','ced1b901-4851-4c0f-a351-d4f6fcc8d815','Scheduled visit for project Test Notification Project on 2024-12-15 at 10:00','2026-03-12 09:00:35'),('36a49797-955a-4423-b28d-f2371c71b742','USER_LOGIN','u8','u8','User finance2@mc.com logged in','2026-03-02 09:39:27'),('376dbec6-ae0b-49ad-b62f-f1f8047ba220','REJECT_VISIT','u5','81b77185-8fa1-49e1-988a-72e43662c4e0','Rejected visit. Reason: Final rejection to check notification','2026-03-13 08:22:43'),('37f2d43d-846d-4f4c-b6f1-65327f8f8c63','OTP_VERIFIED','6074e338-4bc4-439b-9c63-37129e37b8b8','6074e338-4bc4-439b-9c63-37129e37b8b8','OTP verified for chethanrajc2004@gmail.com','2026-02-25 09:19:09'),('386d8b2d-b863-4db3-9a53-f2ea3c0d9c63','USER_LOGIN','u7','u7','User finance1@mc.com logged in','2026-02-28 06:10:15'),('394f691c-40e8-4c1d-85c2-0901512c692e','USER_LOGIN','u1','u1','User super@mc.com logged in','2026-03-13 04:46:28'),('3993cb09-f4de-4e5b-a771-7c9c682dfe14','USER_LOGIN','u8','u8','User finance2@mc.com logged in','2026-03-02 06:54:10'),('399cb4e4-e6ea-4a52-a829-1f46a7bf7a4d','CREATE_PROJECT','u2','a8a2e8c5-2a1e-4439-8147-395a2669c47d','Created project web project for customer 501da61c-3845-4dc3-bddc-c20287630658','2026-03-02 04:56:22'),('39a3bc7b-a71f-44de-b6b9-326ff0cc8579','STATUS_CHANGE','u3','e05ab828-6eef-4c8d-afa3-30db421a6f5a','Changed project Testing last bug fix status from ADVANCE_PAID to WORK_STARTED','2026-03-13 08:32:51'),('39f71a90-393e-4202-abab-aa8f6437097d','USER_LOGIN','u7','u7','User finance1@mc.com logged in','2026-02-25 05:23:50'),('3a762f52-bfa6-49f4-a0a1-a5e7969b090a','USER_LOGIN','u7','u7','User finance1@mc.com logged in','2026-02-27 06:14:53'),('3a896f3b-878d-4ae9-810d-a85c28801224','USER_LOGIN','u2','u2','User admin@mc.com logged in','2026-03-12 09:47:19'),('3aa20188-4fa2-4398-8236-4935cc5eef12','VERIFY_PAYMENT','u8','92b110fa-a2cb-4c2c-b60d-edfeeae4877c','Verified advance payment of 5.00 for project web project','2026-03-02 08:22:48'),('3b284615-f2c5-4be7-9b84-107b1246019e','UPDATE_PROJECT_STATUS','u5','d69b9666-e218-4dc7-9319-93838ab825c5','Project status automatically updated to VISIT_DONE after visit completion','2026-03-12 09:01:00'),('3b4d6248-6245-42cf-af46-e165f8124cfa','ACTIVATE_USER','u1','758104ad-8d77-4c8f-ad72-f66a992a4f8f','Activated user chethan@mc.com','2026-03-12 09:53:19'),('3c3f90b5-fd6f-4926-9b48-c91d39e6a4ad','USER_LOGIN','u2','u2','User admin@mc.com logged in','2026-03-03 04:19:42'),('3d4175c6-0913-407d-b72c-e292ebf63371','USER_LOGIN','u2','u2','User admin@mc.com logged in','2026-02-25 07:26:49'),('3dfc43aa-0bee-48b7-b868-2dd7f0487c4a','USER_LOGIN','u5','u5','User site1@mc.com logged in','2026-02-23 11:22:41'),('3ee268fa-1eb6-4ce4-bd40-13fb3493dd18','USER_LOGIN','u1','u1','User super@mc.com logged in','2026-02-23 10:32:01'),('3f8f7b83-891c-47d1-ae2d-259b7c1c205a','USER_LOGIN','u2','u2','User admin@mc.com logged in','2026-03-12 06:51:47'),('3fb4add1-b6b2-4582-b72b-c8d50879aea5','USER_LOGIN','u3','u3','User pm1@mc.com logged in','2026-03-03 04:11:44'),('40209771-768c-4b41-a2f5-7380f43c24a8','USER_LOGIN','u2','u2','User admin@mc.com logged in','2026-02-28 06:10:45'),('4048ede7-61f1-44c4-a9a1-90be09f39247','USER_LOGIN','u3','u3','User pm1@mc.com logged in','2026-02-26 10:36:14'),('40a833cf-2bf9-4d28-b89c-78727452b031','USER_LOGIN','u5','u5','User site1@mc.com logged in','2026-03-13 07:27:23'),('41de2083-c07e-4a9d-b82c-af487035b222','SUBMIT_REPORT','u5','7acb2b4c-ebd1-465b-968d-674224092b58','Submitted site report for project web project','2026-03-02 05:00:23'),('429593ee-70cd-4650-8a7a-914676af5796','USER_LOGIN','u3','u3','User pm1@mc.com logged in','2026-03-03 04:05:11'),('42f49fad-562b-4f18-ab3a-46cf88bb48cd','CREATE_PAYMENT','501da61c-3845-4dc3-bddc-c20287630658','c26a2a04-ace6-42a7-bbc6-b3fe34111983','Created advance payment of 10 via cash for project Bs','2026-02-28 05:27:12'),('43385cf1-0f63-42e9-a669-6e54de0efa26','USER_LOGIN','501da61c-3845-4dc3-bddc-c20287630658','501da61c-3845-4dc3-bddc-c20287630658','User sibi@male.com logged in','2026-02-28 05:26:49'),('4387967c-d082-4384-8500-dc9d21415442','USER_LOGIN','u4','u4','User pm2@mc.com logged in','2026-03-02 04:57:44'),('438ea5fd-a95a-464e-8918-ead217d44e45','CREATE_USER','u1','fcf8accb-21b2-46f2-8f08-a31ab4cb026e','Created user annappa@admin.com with role admin','2026-03-13 04:52:01'),('441bf736-9a51-41dd-a53a-b2d8b198398a','STATUS_CHANGE','u4','135b0ded-37a4-4389-94e2-371aba6fc438','Changed project Bs status from WORK_STARTED to COMPLETED','2026-02-28 05:30:59'),('4450724e-6232-4540-9bd2-a1a35a07e2c2','USER_LOGIN','u7','u7','User finance1@mc.com logged in','2026-02-28 05:26:12'),('4491b416-e18e-4dc1-9083-a232958185bf','USER_LOGIN','501da61c-3845-4dc3-bddc-c20287630658','501da61c-3845-4dc3-bddc-c20287630658','User sibi@male.com logged in','2026-03-03 04:13:10'),('4495861f-759f-4df9-94ce-7b18a7343be1','STATUS_CHANGE','u4','135b0ded-37a4-4389-94e2-371aba6fc438','Changed project Bs status from PM_ASSIGNED to VISIT_DONE','2026-02-28 05:24:09'),('4568518f-7c2f-451a-b3f2-aa95062cf281','USER_LOGIN','u5','u5','User site1@mc.com logged in','2026-03-12 10:43:02'),('45c014f5-0ff9-4712-b614-69fc508bc724','DEACTIVATE_USER','u1','82280bf4-651d-43d9-8022-43988252741c','Deactivated user 2004chethanrajc@gmail.com. Reason: Deactivated by admin','2026-03-12 09:56:43'),('46203487-463b-4217-9867-e0dc54342ebb','USER_LOGIN','u1','u1','User super@mc.com logged in','2026-02-23 09:22:05'),('465c65ce-a84f-440a-888b-368e0fc585cb','USER_LOGIN','u5','u5','User site1@mc.com logged in','2026-02-27 06:13:37'),('46905d91-9772-4a07-8a8e-fcc43f3685f2','ASSIGN_SITE','u3','2591b94c-43d1-45e1-8590-6d62c8ba1369','Assigned Site Incharge u5 to project Sibi','2026-03-03 04:04:18'),('46b292cc-6462-476f-9946-c993691e836d','CREATE_PROJECT','u1','d2e2558e-8ce9-46df-a154-e0d9ba1e7ce4','Created project Test Audit Logs Project for customer 501da61c-3845-4dc3-bddc-c20287630658','2026-03-12 11:36:14'),('49cef65a-5b5b-4811-baeb-076776ee2ce8','USER_LOGIN','u5','u5','User site1@mc.com logged in','2026-02-25 04:14:42'),('4a241716-6ea3-4c9d-b961-09929a9c641c','USER_LOGIN','u2','u2','User admin@mc.com logged in','2026-02-25 11:12:41'),('4a39babf-e5ff-4458-92a4-e8193013b8ec','USER_LOGIN','501da61c-3845-4dc3-bddc-c20287630658','501da61c-3845-4dc3-bddc-c20287630658','User sibi@male.com logged in','2026-03-02 07:13:46'),('4abf6d4f-0085-49f7-b17c-4e7b24ac2325','USER_LOGIN','u4','u4','User pm2@mc.com logged in','2026-03-02 08:38:42'),('4b54bd2a-fc1b-4e12-9a7f-3fba8b182a3f','USER_LOGIN','u1','u1','User super@mc.com logged in','2026-03-12 10:05:26'),('4c225e2b-a9a7-4d3a-acf1-6cdd89ec73b2','USER_LOGIN','u3','u3','User pm1@mc.com logged in','2026-02-23 11:23:48'),('4c3caceb-c08f-4049-bbb7-b8b935049624','USER_LOGIN','u3','u3','User pm1@mc.com logged in','2026-02-25 05:35:39'),('4d707a98-280a-4e7a-be97-315cc41a4b0d','USER_LOGIN','u10','u10','User cust2@mc.com logged in','2026-02-23 08:47:34'),('4dc67d02-fec8-45c2-a335-faaad682762e','USER_LOGIN','u2','u2','User admin@mc.com logged in','2026-02-25 11:34:48'),('4dd8f81d-73b3-4ca4-aac0-c61907564686','USER_LOGIN','u5','u5','User site1@mc.com logged in','2026-03-13 08:17:32'),('4e68084f-ed8f-4f2b-8cc2-65031817ac27','USER_LOGIN','u8','u8','User finance2@mc.com logged in','2026-03-02 09:39:21'),('4eed13b1-d697-40ba-a626-6d284311417c','USER_LOGIN','6074e338-4bc4-439b-9c63-37129e37b8b8','6074e338-4bc4-439b-9c63-37129e37b8b8','User chethanrajc2004@gmail.com logged in','2026-02-25 09:19:50'),('4f7681f6-da02-4d59-a98f-af445d5e9200','USER_LOGIN','u2','u2','User admin@mc.com logged in','2026-03-12 08:35:47'),('4ffc1c4c-b067-4eb2-a995-b44661603cc3','STATUS_CHANGE','u2','135b0ded-37a4-4389-94e2-371aba6fc438','Changed project Bs status from FINAL_PAID to CLOSED','2026-02-28 06:31:16'),('50220b93-d200-4758-8810-91294daf078d','USER_LOGIN','u2','u2','User admin@mc.com logged in','2026-02-23 10:25:19'),('50e241eb-5e9c-404a-9dd8-d50c2ddc2c9b','USER_LOGIN','501da61c-3845-4dc3-bddc-c20287630658','501da61c-3845-4dc3-bddc-c20287630658','User sibi@male.com logged in','2026-02-26 10:51:46'),('512b7105-2d62-4ce0-81dd-193bd31a4021','SUBMIT_REPORT','u5','339ada58-31d5-411e-b665-86609364ef3e','Submitted site report for project Testing last bug fix','2026-03-13 08:25:16'),('52632492-7c06-4a69-8ed1-f56d30281022','SCHEDULE_VISIT','u3','b8ad40bc-9787-4fe0-b585-5fa8db8e93b3','Scheduled visit for project Testing last bug fix on 2026-04-01 at 01:00:00','2026-03-13 08:23:38'),('52774e46-a6cb-430b-a583-cfd9f019d9c8','CREATE_PAYMENT','501da61c-3845-4dc3-bddc-c20287630658','f380728a-224c-44cd-b02b-0ca0451e1c79','Created final payment of 7 via cash for project Sibi (Total: 29.00, Already paid: 22.00, Extra charges: 12.00)','2026-03-03 04:14:49'),('5341d63f-63bd-41f4-87c4-e5edcb5b04f5','USER_LOGIN','u3','u3','User pm1@mc.com logged in','2026-02-23 10:22:03'),('53d91066-b5cf-4888-9d34-5084ae5017b0','USER_LOGIN','u3','u3','User pm1@mc.com logged in','2026-03-13 08:32:44'),('53e4f47a-336c-4630-8013-79a28090682b','ADD_WORKLOG_IMAGES','u5','e45f66f7-71ee-44b7-916d-e4ce2dbdb101','Added 1 image(s) to work log','2026-03-13 09:10:47'),('546ad77f-a8db-4920-a826-ce49d6317994','USER_LOGIN','u2','u2','User admin@mc.com logged in','2026-03-02 08:24:16'),('5474c251-0b7e-428e-a24b-0cae5274f0a7','USER_LOGIN','501da61c-3845-4dc3-bddc-c20287630658','501da61c-3845-4dc3-bddc-c20287630658','User sibi@male.com logged in','2026-02-25 06:22:44'),('5480e553-a393-42ac-8407-0b54dadcf7a8','USER_LOGIN','u1','u1','User super@mc.com logged in','2026-03-12 10:02:09'),('54823531-48cc-49d9-a295-5fca19c1ccaf','USER_LOGIN','501da61c-3845-4dc3-bddc-c20287630658','501da61c-3845-4dc3-bddc-c20287630658','User sibi@male.com logged in','2026-02-27 06:18:23'),('54f390f6-abda-4571-a14f-3d0e2c9d766b','CREATE_PROJECT','u2','60741636-b9f9-4d65-badd-88224b7d0fc1','Created project web project for customer 501da61c-3845-4dc3-bddc-c20287630658','2026-03-02 04:47:29'),('55232719-511f-468c-8259-c5f6b6dc0549','USER_LOGIN','u4','u4','User pm2@mc.com logged in','2026-03-02 04:59:00'),('553c1bf8-c5fe-4424-93fa-3ba55ed95c97','USER_LOGIN','u2','u2','User admin@mc.com logged in','2026-02-25 07:29:33'),('553f16ef-9c02-4be8-a164-184d3f6f0766','USER_LOGIN','u3','u3','User pm1@mc.com logged in','2026-03-03 04:12:47'),('56182dae-ecdd-4186-8d7b-f4eab0799740','USER_LOGIN','u2','u2','User admin@mc.com logged in','2026-02-26 04:42:47'),('56d7fa23-fac1-4c0f-a6f6-085f2dbc3e9e','CREATE_USER','u1','e6b7ad6e-4e96-473c-ab7c-36e5ee978bf0','Created user superchethan@mc.com with role super_admin','2026-03-02 09:17:53'),('56de26df-9c94-4ef6-8a06-248ecb12fde8','USER_LOGIN','501da61c-3845-4dc3-bddc-c20287630658','501da61c-3845-4dc3-bddc-c20287630658','User sibi@male.com logged in','2026-02-28 05:28:36'),('576b54c1-25fe-402b-a703-1778c0928d6b','USER_LOGIN','501da61c-3845-4dc3-bddc-c20287630658','501da61c-3845-4dc3-bddc-c20287630658','User sibi@male.com logged in','2026-02-26 06:37:29'),('58830bb3-a2eb-42d9-a546-db69fa1fc87b','USER_LOGIN','u3','u3','User pm1@mc.com logged in','2026-03-12 08:48:55'),('58c91580-3686-4b74-b423-84d4da1601e8','USER_LOGIN','u2','u2','User admin@mc.com logged in','2026-02-28 10:52:45'),('59d6803b-5eb5-410c-baf6-260359e871fb','USER_LOGIN','u3','u3','User pm1@mc.com logged in','2026-03-12 06:52:57'),('59ef04a1-b6c6-454d-994b-9302473bf6e3','STATUS_CHANGE','u3','2591b94c-43d1-45e1-8590-6d62c8ba1369','Changed project Sibi status from WORK_STARTED to COMPLETED','2026-03-03 04:12:52'),('5a965669-4e03-4565-bf29-89d84b06abe9','USER_LOGIN','u1','u1','User super@mc.com logged in','2026-03-12 10:29:24'),('5ca8ef33-85b8-4a80-b9cc-73f94a6e35d4','USER_LOGIN','501da61c-3845-4dc3-bddc-c20287630658','501da61c-3845-4dc3-bddc-c20287630658','User sibi@male.com logged in','2026-03-13 09:45:29'),('5cac0d1c-8b7d-4936-9c4d-5f1dfe304bcd','USER_LOGIN','u3','u3','User pm1@mc.com logged in','2026-03-13 08:18:29'),('5cb14e14-2965-4043-9778-77e88571e385','USER_LOGIN','u7','u7','User finance1@mc.com logged in','2026-03-12 09:01:50'),('5d1802db-1cbb-483c-bd72-8bc07652c0d8','ADD_WORKLOG_IMAGES','u5','e45f66f7-71ee-44b7-916d-e4ce2dbdb101','Added 1 image(s) to work log','2026-03-13 09:19:18'),('5d9bcd60-720c-446c-a87f-81c5223f7fcb','USER_LOGIN','501da61c-3845-4dc3-bddc-c20287630658','501da61c-3845-4dc3-bddc-c20287630658','User sibi@male.com logged in','2026-02-25 06:08:59'),('5eceade8-47a7-4873-861b-c5920e1bb860','CREATE_WORKLOG','u5','7e4470e1-ed5f-4b27-993b-baaeb44bdf91','Created work log for floor 2 in project web project','2026-03-02 08:37:25'),('5ef35cb1-5557-414c-acf3-2e95ad592d1a','SIGNATURE_UPLOAD','501da61c-3845-4dc3-bddc-c20287630658','e05ab828-6eef-4c8d-afa3-30db421a6f5a','Customer signed project e05ab828-6eef-4c8d-afa3-30db421a6f5a','2026-03-13 09:54:43'),('608a42d2-9c8a-46fb-bebf-de897208b7a7','USER_LOGIN','u2','u2','User admin@mc.com logged in','2026-03-13 09:44:27'),('60a5ab3f-c136-4097-b97b-b9b56f9b59f7','UPDATE_PROJECT_STATUS','u5','e05ab828-6eef-4c8d-afa3-30db421a6f5a','Project status automatically updated to VISIT_DONE after visit completion','2026-03-13 08:23:53'),('60dcdcf9-c8e4-4fb6-9dde-e173eaba7936','USER_LOGIN','u2','u2','User admin@mc.com logged in','2026-02-25 04:16:47'),('613b18df-4c29-4b66-bb33-193734d9b34c','CREATE_EXTRA_CHARGE','u8','bfa9fc86-a756-4e6c-a78d-2f8c88a82867','Created extra charge of 20 for project web project: extra katbeku','2026-03-02 08:35:39'),('61d608af-b2ea-41f2-ba25-4e41ee2d8c2b','USER_LOGIN','u8','u8','User finance2@mc.com logged in','2026-03-03 04:11:21'),('626cfee9-45df-494d-bcf9-aa7ae054b6e5','SUBMIT_REPORT','u5','cca0a271-9212-474d-b643-f04d0074ad02','Submitted site report for project Chethan','2026-02-27 06:14:38'),('62bdfcb4-b27e-4015-972f-5837ac21a2d4','VERIFY_PAYMENT','u7','545a354e-a9d6-46f1-95e1-4de8aad8cdc0','Verified final payment of 15.00 for project Bs','2026-02-28 06:10:23'),('63e54b19-50ea-4ca6-9f40-5ad7621f26b6','USER_LOGIN','u2','u2','User admin@mc.com logged in','2026-03-02 04:17:36'),('6412dd5b-e5a5-4c4f-8984-9d855ca06aba','CREATE_PROJECT','u2','1852d30c-d0de-4d43-b534-c371dc3f3a1b','Created project Gghhthhh for customer 501da61c-3845-4dc3-bddc-c20287630658 with PM u3','2026-03-12 11:32:31'),('642d553a-59a3-42ef-a1cd-a9d99f905779','OTP_VERIFIED','6074e338-4bc4-439b-9c63-37129e37b8b8','6074e338-4bc4-439b-9c63-37129e37b8b8','OTP verified for chethanrajc2004@gmail.com','2026-02-25 09:19:20'),('65283cc3-4427-4bba-8f15-e747d8e80e92','USER_LOGIN','u2','u2','User admin@mc.com logged in','2026-02-25 09:53:46'),('657ff027-cebc-4456-a80c-2a028b2f3cbf','USER_LOGIN','u3','u3','User pm1@mc.com logged in','2026-02-28 05:29:19'),('65ecc6c6-8e4b-46ec-abe3-bc354fd2edbd','ASSIGN_PM','u2','a8a2e8c5-2a1e-4439-8147-395a2669c47d','Assigned PM u4 to project web project','2026-03-02 04:56:22'),('66329914-8860-465a-b805-48353f807183','USER_LOGIN','u1','u1','User super@mc.com logged in','2026-03-12 10:01:50'),('6635fdf5-bacb-49ac-907b-7e3a0d57302a','USER_LOGIN','u7','u7','User finance1@mc.com logged in','2026-02-27 06:17:04'),('6683f256-ccd1-40bd-97e1-377f1b54e2c0','ACTIVATE_USER','u1','u9','Activated user cust1@mc.com','2026-03-12 10:03:19'),('67308b09-4b44-439a-92ff-dd5a46a302ef','USER_LOGIN','u8','u8','User finance2@mc.com logged in','2026-03-03 04:07:53'),('681187c3-cc54-494a-9b1d-213cacfc73b4','CREATE_USER','u1','758104ad-8d77-4c8f-ad72-f66a992a4f8f','Created user chethan@mc.com with role admin','2026-03-02 09:06:50'),('68c28515-9887-4b94-8d32-582600138d26','USER_LOGIN','501da61c-3845-4dc3-bddc-c20287630658','501da61c-3845-4dc3-bddc-c20287630658','User sibi@male.com logged in','2026-02-25 05:50:08'),('68c87a5b-279f-403c-a03d-6d3da4111dda','USER_LOGIN','u5','u5','User site1@mc.com logged in','2026-03-12 08:45:08'),('69fdf8c8-6f21-4486-805c-5755f6d18f72','USER_LOGIN','501da61c-3845-4dc3-bddc-c20287630658','501da61c-3845-4dc3-bddc-c20287630658','User sibi@male.com logged in','2026-02-25 06:47:57'),('6a7699ea-8af1-44ff-91f4-fc1a4131229b','USER_LOGIN','u2','u2','User admin@mc.com logged in','2026-03-02 07:22:24'),('6a7a8fb0-1cd1-4b8e-b723-fdca1930da07','USER_LOGIN','u7','u7','User finance1@mc.com logged in','2026-02-25 05:50:46'),('6b042c71-0c71-4539-b287-3867b906584b','USER_LOGIN','u7','u7','User finance1@mc.com logged in','2026-02-25 04:45:49'),('6b0a5bfb-6710-4186-90c9-47687c345edb','CREATE_PROJECT','u2','9bb699db-6df6-4006-8a86-a66b60744bd7','Created project Test Site Assignment for customer u9 with PM u3','2026-03-12 08:48:30'),('6bc318e1-bcb9-404e-9974-3c3e84061cb0','COMPLETE_VISIT','u5','ced1b901-4851-4c0f-a351-d4f6fcc8d815','Marked visit as completed','2026-03-12 09:01:00'),('6cc705a5-8761-40b5-9810-45824951ee9b','USER_LOGIN','u8','u8','User finance2@mc.com logged in','2026-03-03 04:16:44'),('6cd982fe-3c33-4661-beff-110605718d7b','PAY_EXTRA_CHARGE','501da61c-3845-4dc3-bddc-c20287630658','2ffded40-c0ef-4407-8e8d-2c630a449aa6','Paid extra charge of 100.00 via cash for project Project 123','2026-02-25 07:26:16'),('6cea2d08-da9f-4cac-b438-2735df1e50c7','OTP_VERIFIED','6074e338-4bc4-439b-9c63-37129e37b8b8','6074e338-4bc4-439b-9c63-37129e37b8b8','OTP verified for chethanrajc2004@gmail.com','2026-02-25 09:15:09'),('6cf87d5a-6624-495a-bf7d-9ad537dbebd3','USER_LOGIN','u1','u1','User super@mc.com logged in','2026-03-12 09:50:10'),('6d07b1b7-3633-4dab-9f60-89dabf31faf1','SCHEDULE_VISIT','u4','1155c986-9fdf-419a-9eee-fd513e781314','Scheduled visit for project web project on 2026-03-02 at 10:27:00','2026-03-02 04:58:02'),('6d66d161-45e5-48f8-a12e-65a61bbb345e','OTP_VERIFIED','6074e338-4bc4-439b-9c63-37129e37b8b8','6074e338-4bc4-439b-9c63-37129e37b8b8','OTP verified for chethanrajc2004@gmail.com','2026-02-25 09:08:32'),('6df34135-e61f-438c-92c7-0a7e362c8139','USER_LOGIN','501da61c-3845-4dc3-bddc-c20287630658','501da61c-3845-4dc3-bddc-c20287630658','User sibi@male.com logged in','2026-02-25 05:09:15'),('6e38760c-edfd-44f7-996f-ee95e1ee5b5b','USER_LOGIN','u3','u3','User pm1@mc.com logged in','2026-03-02 04:57:00'),('6f2dcfd2-b673-44b9-a06b-23271a8b988c','USER_LOGIN','u2','u2','User admin@mc.com logged in','2026-02-25 05:36:42'),('6f549319-d56a-4a67-af1d-5cefb1641c0c','CREATE_PROJECT','u2','8c83dbd5-824f-48a9-b9f1-908fd9b63145','Created project Test Site Assignment Notification for customer u9 with PM u3','2026-03-12 08:48:55'),('701a709a-9ea4-4e06-bb88-421622383c52','VERIFY_PAYMENT','u7','7566dfc2-31ae-4fb9-9c1b-cf4c42ec2e79','Verified extra payment of 125.00 for project Project 123','2026-02-25 07:22:25'),('703f06b1-5099-4c34-a729-f86730b6143a','USER_LOGIN','u7','u7','User finance1@mc.com logged in','2026-02-25 06:17:17'),('703fe58f-0e50-494e-a141-54d3c8f2f8eb','USER_LOGIN','u4','u4','User pm2@mc.com logged in','2026-03-02 07:21:07'),('70962025-bb4d-4600-8aca-4ca673a59cba','USER_LOGIN','u2','u2','User admin@mc.com logged in','2026-02-28 10:49:47'),('710b2978-07fc-4a4e-a5f0-9436ba3d9742','USER_LOGIN','u2','u2','User admin@mc.com logged in','2026-03-12 10:29:36'),('7128c455-af79-43bb-9918-c9c0e9287d3a','DEACTIVATE_USER','u1','u11','Deactivated user cust3@mc.com. Reason: Deactivated by admin','2026-03-12 10:03:02'),('7260ddb0-ccea-4004-9ad5-d3aaacc56db0','USER_LOGIN','u2','u2','User admin@mc.com logged in','2026-03-12 08:49:33'),('73048cfe-f8ed-47ce-a1dd-01593886ed4b','USER_LOGIN','u2','u2','User admin@mc.com logged in','2026-02-25 07:23:28'),('73a53c06-48d9-47f1-aaec-babfdbaead34','CREATE_PROJECT','u2','135b0ded-37a4-4389-94e2-371aba6fc438','Created project Bs for customer 501da61c-3845-4dc3-bddc-c20287630658','2026-02-28 05:21:07'),('753bca4a-4a6b-4f44-998a-948751a526b7','USER_LOGIN','u3','u3','User pm1@mc.com logged in','2026-03-13 07:25:49'),('757bb19c-77f4-4f6a-ab86-ed4ea2c9bfc7','USER_LOGIN','u8','u8','User finance2@mc.com logged in','2026-03-02 07:35:02'),('75f9467d-9369-455e-92db-ee31b53168ee','ASSIGN_SITE','u4','a8a2e8c5-2a1e-4439-8147-395a2669c47d','Assigned Site Incharge u5 to project web project','2026-03-02 04:57:54'),('761cf6ff-0a89-4d1c-b112-259a6ed4038f','USER_LOGIN','u3','u3','User pm1@mc.com logged in','2026-02-27 06:12:58'),('763ecceb-bcf5-4314-8365-0780908c32e1','ASSIGN_FINANCE','u2','a8a2e8c5-2a1e-4439-8147-395a2669c47d','Assigned Finance u8 to project web project','2026-03-02 04:56:37'),('77e8beb0-487d-4f6f-8e09-49fa7d3a9bfe','USER_LOGIN','u2','u2','User admin@mc.com logged in','2026-03-02 07:28:09'),('787d9325-6e79-4aca-85b5-4bf704844486','USER_LOGIN','u5','u5','User site1@mc.com logged in','2026-03-13 10:08:46'),('79737d6d-b2a4-464c-99fc-0aaad5e118ee','ASSIGN_FINANCE','u2','135b0ded-37a4-4389-94e2-371aba6fc438','Assigned Finance u7 to project Bs','2026-02-28 05:21:16'),('7ae5257f-9f5a-4621-9b9c-6dd5d2d2ff56','USER_LOGIN','u1','u1','User super@mc.com logged in','2026-02-23 08:19:28'),('7b36e40c-38e9-4e9c-a730-547363008e94','USER_LOGIN','501da61c-3845-4dc3-bddc-c20287630658','501da61c-3845-4dc3-bddc-c20287630658','User sibi@male.com logged in','2026-03-12 06:53:59'),('7b49be38-5262-44da-a469-669869d6103a','REJECT_VISIT','u5','c354000f-cf75-4528-bc5e-258b424028da','Rejected visit. Reason: Ek ek dm','2026-03-13 07:52:54'),('7bd5a37d-631a-428a-8f34-e3db57646844','ADD_WORKLOG_IMAGES','u5','e45f66f7-71ee-44b7-916d-e4ce2dbdb101','Added 1 image(s) to work log','2026-03-13 10:09:04'),('7c6196e4-8cda-4c49-8a97-5c0bf85ac2b8','USER_LOGIN','u5','u5','User site1@mc.com logged in','2026-03-12 10:32:59'),('7ce654cd-6ca0-4adf-ac2f-e7f234174d89','ASSIGN_SITE','u3','c1e63a09-4d34-429c-9b4a-921844d3e52a','Assigned Site Incharge u5 to project Project 123','2026-02-23 10:22:13'),('7d1503b2-f3b9-4cff-927c-db736c3b8526','USER_LOGIN','u1','u1','User super@mc.com logged in','2026-03-12 10:05:45'),('7d150bbe-909d-4a39-8c0e-6d6f22196a2f','USER_LOGIN','u1','u1','User super@mc.com logged in','2026-03-12 10:52:44'),('7d3d4f6c-2eba-47ba-a700-17196eb687a0','USER_LOGIN','u2','u2','User admin@mc.com logged in','2026-03-12 08:38:48'),('7dc67dcb-9ddd-466b-9053-f23bf15e0f5c','USER_LOGIN','u1','u1','User super@mc.com logged in','2026-03-02 11:21:32'),('7dce0b58-2947-4660-b0f7-3b38066f258d','VERIFY_PAYMENT','u7','9c4c83ca-766b-4a14-b62d-c224400702db','Verified final payment of 21.00 for project Chethan','2026-02-27 06:56:02'),('7e3f2017-4677-4669-8f14-2c7129169f4e','USER_LOGIN','u2','u2','User admin@mc.com logged in','2026-03-12 10:39:43'),('7e7f54c2-df44-41c5-a3fe-d5ac5d5771dd','USER_LOGIN','u7','u7','User finance1@mc.com logged in','2026-02-25 07:07:58'),('7e7fab11-256e-4f29-a25b-032c2e7eba45','USER_LOGIN','u3','u3','User pm1@mc.com logged in','2026-02-27 06:33:52'),('7ee25ffe-3e7e-45f2-9f9b-e3cfb13d9521','COMPLETE_VISIT','u5','514cc016-af57-4829-b490-c409eacf084d','Marked visit as completed','2026-02-28 05:23:49'),('7efb3a37-696d-42fa-ad2b-f4f891b89b29','GENERATE_QUOTATION','u8','3763a4c1-5fa9-4eed-bb90-12bae2735c71','Generated quotation for project Sibi with total cost 17 and advance 10','2026-03-03 04:08:13'),('8012447f-8562-4a87-82a9-0dffbd2eec81','USER_LOGIN','u1','u1','User super@mc.com logged in','2026-02-26 07:08:38'),('802a8357-e101-48e7-822e-174958373b2f','USER_LOGIN','u5','u5','User site1@mc.com logged in','2026-03-02 04:59:32'),('809111e1-efdb-488c-9541-108d7e014689','USER_LOGIN','u2','u2','User admin@mc.com logged in','2026-02-23 08:47:05'),('80a4984b-a938-4ea7-ac7c-5e8f4075fd9a','SCHEDULE_VISIT','u3','b0add329-acbd-4286-b49a-1630c66e50ca','Scheduled visit for project Testing last bug fix on 2026-03-13 at 12:56:00','2026-03-13 07:26:50'),('8118de8d-99ea-4e7f-b2be-2fc98d76e992','VERIFY_PAYMENT','u7','96ea59ac-2ffc-4eaf-bccf-734b845d28ef','Verified advance payment of 20000.00 for project Testing last bug fix','2026-03-13 08:32:01'),('8213217a-8d30-4a45-a8ef-f9efaf64f45e','USER_LOGIN','u2','u2','User admin@mc.com logged in','2026-02-26 04:55:58'),('824dac4d-3019-4dfe-9b2e-594bdb78cd9c','USER_LOGIN','u3','u3','User pm1@mc.com logged in','2026-03-03 04:04:07'),('8345dc92-ac89-452d-a530-8e8db61e1162','REJECT_VISIT','u5','783ba5fd-e719-46c9-ab74-ce5fa878f8f6','Rejected visit. Reason: En dm dm','2026-03-13 08:20:50'),('83c42b1a-b9a4-428c-af5f-e8f097d3a07d','USER_LOGIN','u1','u1','User super@mc.com logged in','2026-03-12 09:16:24'),('83cf3218-42d3-4d3e-a31a-7d11c4bde489','USER_LOGIN','u7','u7','User finance1@mc.com logged in','2026-02-25 06:35:27'),('83d5e608-c476-4881-8d5c-e9b4fd50a5b9','STATUS_CHANGE','u2','bbb02993-b845-4eb3-9fa2-26cd462475d2','Changed project Chethan status from FINAL_PAID to CLOSED','2026-02-27 06:58:11'),('84504fd3-1cc7-4d7c-a470-0cfc22ad7916','USER_LOGIN','u5','u5','User site1@mc.com logged in','2026-03-03 04:05:33'),('84566590-4508-4d9a-9071-48987ef25f85','ASSIGN_FINANCE','u2','053b7b02-1d50-4def-9a1f-57e5dc9122b0','Assigned Finance u7 to project New project','2026-02-25 09:40:25'),('846df563-fade-491c-a306-e7c1e337a934','CREATE_USER','u1','8eb70f63-2401-4d83-98af-36a8e2b6c0a8','Created user dhdhc@mc.com with role super_admin','2026-03-02 09:24:19'),('84724821-3263-422b-8ba0-ab5f2f7c0fb5','USER_LOGIN','u1','u1','User super@mc.com logged in','2026-03-12 10:31:57'),('85215681-a923-494a-a8d3-942b8b7b9666','CREATE_EXTRA_CHARGE','u7','65f7a6aa-855e-4d2c-a64b-16593aeb21cf','Created extra charge of 20 for project Bs: Extra katbeku','2026-02-28 05:28:14'),('859c4ba1-bf49-4bb4-ab00-73b174202077','ACTIVATE_USER','u1','758104ad-8d77-4c8f-ad72-f66a992a4f8f','Activated user chethan@mc.com','2026-03-12 09:55:54'),('85aae430-8a66-4215-bb87-e4a855429b11','USER_LOGIN','u7','u7','User finance1@mc.com logged in','2026-02-25 06:14:19'),('8748e370-3ab4-4b76-a270-ff5d8b3da312','ACTIVATE_USER','u1','u11','Activated user cust3@mc.com','2026-03-12 10:05:45'),('87bb7566-12b3-4b4e-9b4b-61e4eef6fdc4','USER_LOGIN','u2','u2','User admin@mc.com logged in','2026-03-12 08:58:33'),('8862a8f1-9adf-435e-ba2a-7f9d246bf5cc','OTP_VERIFIED','6074e338-4bc4-439b-9c63-37129e37b8b8','6074e338-4bc4-439b-9c63-37129e37b8b8','OTP verified for chethanrajc2004@gmail.com','2026-02-25 09:08:10'),('8893cd7c-337f-4671-84ff-aa49d3516746','ASSIGN_SITE','u3','e05ab828-6eef-4c8d-afa3-30db421a6f5a','Assigned Site Incharge u5 to project Testing last bug fix','2026-03-13 07:26:25'),('8945fd03-0a76-4237-b799-7e12795640d7','USER_LOGIN','u4','u4','User pm2@mc.com logged in','2026-02-28 05:24:04'),('89ad86f4-faa4-440f-98c1-3c8d37467ce7','USER_LOGIN','u2','u2','User admin@mc.com logged in','2026-02-26 07:09:29'),('8a27c01b-a6b9-40e6-ba14-1d03802b9efb','CREATE_PAYMENT','501da61c-3845-4dc3-bddc-c20287630658','9c4c83ca-766b-4a14-b62d-c224400702db','Created final payment of 21 via cash for project Chethan','2026-02-27 06:55:39'),('8b2860e0-b7f7-4931-984c-04652c5fd524','USER_LOGIN','501da61c-3845-4dc3-bddc-c20287630658','501da61c-3845-4dc3-bddc-c20287630658','User sibi@male.com logged in','2026-02-28 05:31:17'),('8b402738-f370-4e4d-9f17-13c89e1151a0','VERIFY_PAYMENT','u7','af9c6a19-1d87-4dc2-998a-e3ef0c03ab32','Verified final payment of 84912.00 for project Project 123','2026-02-25 06:23:07'),('8bb5f5a3-4033-40e1-b0ba-7a6d0f5a0780','STATUS_CHANGE','u3','bbb02993-b845-4eb3-9fa2-26cd462475d2','Changed project Chethan status from WORK_STARTED to COMPLETED','2026-02-27 06:46:40'),('8c32c464-09db-4a12-ac77-fa6b6eaaa22b','USER_LOGIN','u7','u7','User finance1@mc.com logged in','2026-02-28 05:27:27'),('8c3bce46-379c-4bce-bcb7-99523bacfb3e','USER_LOGIN','501da61c-3845-4dc3-bddc-c20287630658','501da61c-3845-4dc3-bddc-c20287630658','User sibi@male.com logged in','2026-03-13 09:32:59'),('8d9f1592-9fa7-4383-99d6-c59a47964ea8','USER_LOGIN','u5','u5','User site1@mc.com logged in','2026-03-02 08:37:07'),('8e098e6f-6cfd-49fd-94f8-220ac272fc1e','USER_LOGIN','u3','u3','User pm1@mc.com logged in','2026-03-12 10:43:19'),('8e6d8e0b-b23a-4839-b2ed-1d80d05bbc92','USER_LOGIN','6074e338-4bc4-439b-9c63-37129e37b8b8','6074e338-4bc4-439b-9c63-37129e37b8b8','User chethanrajc2004@gmail.com logged in','2026-02-25 09:18:25'),('8e9500ed-4a13-44ff-ad00-79573e4813e9','USER_LOGIN','501da61c-3845-4dc3-bddc-c20287630658','501da61c-3845-4dc3-bddc-c20287630658','User sibi@male.com logged in','2026-02-28 08:23:29'),('8e95e8da-be61-48c3-ba43-9c110657e098','USER_LOGIN','u2','u2','User admin@mc.com logged in','2026-03-02 06:52:54'),('8ef8e6fb-6186-4f20-af1e-a8eb0b3722a4','USER_LOGIN','u3','u3','User pm1@mc.com logged in','2026-02-23 10:41:14'),('8f3c6214-e2c3-45a6-a675-914a18b369e2','CREATE_PAYMENT','501da61c-3845-4dc3-bddc-c20287630658','c9d27569-3b4f-4c9b-920f-8e8217278242','Created advance payment of 10 via cash for project Sibi','2026-03-03 04:09:53'),('8fe6437d-0f35-4bfa-8634-c0707f0cee36','USER_LOGIN','501da61c-3845-4dc3-bddc-c20287630658','501da61c-3845-4dc3-bddc-c20287630658','User sibi@male.com logged in','2026-03-02 07:21:52'),('910022e2-92ed-44be-a6a0-25fa14d3e7eb','SCHEDULE_VISIT','u3','9122e7ce-1d58-47d9-bedf-2578967f8b73','Scheduled visit for project Testing last bug fix on 2026-03-14 at 13:18:00','2026-03-13 07:48:52'),('91095127-5b62-42fd-b1d4-948fb605e46d','CREATE_PROJECT','u2','b7abd319-c61f-4e89-99d3-b9a6d6283762','Created project Test for customer 501da61c-3845-4dc3-bddc-c20287630658','2026-03-12 06:53:23'),('92086426-424c-439a-80db-d577d04b7041','CREATE_PROJECT','u2','eb2e62ce-383e-48de-98e1-26078111e248','Created project Test Site Assignment Notification for customer u9 with PM u3','2026-03-12 08:49:33'),('92279e62-92ef-4f90-b76d-7fa4ccfd4549','USER_LOGIN','u2','u2','User admin@mc.com logged in','2026-02-27 06:57:59'),('9255ac72-3e3d-441e-a138-ef8e2e80bb07','USER_LOGIN','501da61c-3845-4dc3-bddc-c20287630658','501da61c-3845-4dc3-bddc-c20287630658','User sibi@male.com logged in','2026-02-25 04:58:09'),('925fa5ba-cbdd-4d96-9f30-86f21022ba97','CREATE_PROJECT','u2','a17cf034-5c9b-4cd0-bade-367c0e25f8d5','Created project Test Notification Project for customer u9 with PM u3','2026-03-12 08:37:12'),('932984e4-71f3-4aa6-90bf-a969e439a38c','SCHEDULE_VISIT','u3','9b73b0c6-5193-4083-9bc0-371b990059ad','Scheduled visit for project Chethan on 2026-02-28 at 10:30:00','2026-02-27 05:54:20'),('93dd159d-b6bf-43d5-9241-c5c59592f876','CREATE_PAYMENT','501da61c-3845-4dc3-bddc-c20287630658','1abeca34-0353-4a4b-b759-972024b3c821','Created final payment of 84912 via cash for project Project 123','2026-02-25 05:50:25'),('94395eb9-4e06-4e38-822b-fc531a62cdfd','USER_LOGIN','u2','u2','User admin@mc.com logged in','2026-03-13 05:27:51'),('9452575e-0283-4819-b497-dc46fed5b573','USER_LOGIN','u2','u2','User admin@mc.com logged in','2026-03-03 04:15:24'),('94aadc40-78f1-4493-a2e0-4aa5c481df9a','CREATE_PAYMENT','501da61c-3845-4dc3-bddc-c20287630658','92b110fa-a2cb-4c2c-b60d-edfeeae4877c','Created advance payment of 5 via cash for project web project','2026-03-02 08:13:30'),('94b3004c-ebed-493c-96bc-86a24c419d38','USER_LOGIN','u7','u7','User finance1@mc.com logged in','2026-02-28 05:30:29'),('94f8ccb9-c7ce-4fc7-b296-9dd2e80dce50','USER_LOGIN','u5','u5','User site1@mc.com logged in','2026-02-25 04:14:22'),('950114cf-3d66-4063-9a8c-259f7aad10a9','SUBMIT_REPORT','u5','44c3bdde-1fa0-4ef6-bf69-da16ec4bac70','Submitted site report for project Bs','2026-02-28 05:26:01'),('9540432e-e9b9-422c-877e-2307ad0c0f2e','STATUS_CHANGE','u2','135b0ded-37a4-4389-94e2-371aba6fc438','Changed project Bs status from FINAL_PAID to CLOSED','2026-02-28 06:40:12'),('9682dd44-bcd9-47bb-b719-de7964ee1853','USER_LOGIN','u2','u2','User admin@mc.com logged in','2026-02-25 06:23:20'),('969a66a9-4a6f-4b5e-91ca-c56c5edbdb66','SIGNATURE_UPLOAD','501da61c-3845-4dc3-bddc-c20287630658','b7abd319-c61f-4e89-99d3-b9a6d6283762','Customer signed project b7abd319-c61f-4e89-99d3-b9a6d6283762','2026-03-12 06:56:08'),('977ccf0b-a7aa-43f4-a85f-2efbbf889e2a','CREATE_PROJECT','u2','e05ab828-6eef-4c8d-afa3-30db421a6f5a','Created project Testing last bug fix for customer 501da61c-3845-4dc3-bddc-c20287630658 with PM u3','2026-03-13 06:33:16'),('981bb9c5-09ed-487d-92a2-18b685ccd5c8','USER_LOGIN','u5','u5','User site1@mc.com logged in','2026-03-13 05:21:43'),('982a0677-fded-42eb-904f-832e75700cb3','USER_LOGIN','u2','u2','User admin@mc.com logged in','2026-03-12 08:48:30'),('98328868-8a2f-442b-b95c-5a5d78a0041b','USER_LOGIN','u4','u4','User pm2@mc.com logged in','2026-03-02 08:25:21'),('9840a8a4-5a20-44b8-a454-13b881213001','OTP_VERIFIED','82280bf4-651d-43d9-8022-43988252741c','82280bf4-651d-43d9-8022-43988252741c','OTP verified for 2004chethanrajc@gmail.com','2026-02-25 09:17:18'),('9851f628-bc7c-4924-af48-9053c7b6c18f','GENERATE_QUOTATION','u7','d4456383-5ff9-46b7-a788-7575ecb3fb28','Generated quotation for project Testing last bug fix with total cost 67000 and advance 20000','2026-03-13 08:28:25'),('9897fbf8-72b8-4370-829d-be788751984a','OTP_VERIFIED','6074e338-4bc4-439b-9c63-37129e37b8b8','6074e338-4bc4-439b-9c63-37129e37b8b8','OTP verified for chethanrajc2004@gmail.com','2026-02-25 09:14:56'),('9932bf42-89db-4b83-908d-2124e0246b47','USER_LOGIN','u3','u3','User pm1@mc.com logged in','2026-03-13 08:29:32'),('996427c8-f562-4ef5-b7c9-6a0d803c1469','USER_LOGIN','501da61c-3845-4dc3-bddc-c20287630658','501da61c-3845-4dc3-bddc-c20287630658','User sibi@male.com logged in','2026-03-02 08:35:56'),('9af8e1c7-e5fc-42e4-96a4-2bf6aae680b2','ACTIVATE_USER','u1','82280bf4-651d-43d9-8022-43988252741c','Activated user 2004chethanrajc@gmail.com','2026-03-12 09:55:47'),('9bedd801-5e43-4dc6-824f-cd42fc763134','USER_LOGIN','u3','u3','User pm1@mc.com logged in','2026-03-13 08:21:01'),('9d928ecc-aaa7-4c6a-9075-ab9ae83ac870','DEACTIVATE_USER','u1','82280bf4-651d-43d9-8022-43988252741c','Deactivated user 2004chethanrajc@gmail.com. Reason: Test','2026-03-12 09:47:30'),('9dd0fd40-a6fc-4e9f-a1e3-ac5fd71bfa0d','CREATE_WORKLOG','u5','6229f955-7946-4ba8-9fe0-8966ca7e7532','Created work log for floor 5686 in project Sibi','2026-03-03 04:12:29'),('9dfe4795-94c8-47d7-b26c-8cbc4847716f','CREATE_PROJECT','u2','ede78186-fb79-4b26-b4b2-0f98eb1f82a2','Created project Gghhthhh for customer 501da61c-3845-4dc3-bddc-c20287630658 with PM u3','2026-03-12 11:32:34'),('9e382b4b-4205-4101-b127-62de37375a99','CREATE_PROJECT','u2','c1e63a09-4d34-429c-9b4a-921844d3e52a','Created project Project 123 for customer 501da61c-3845-4dc3-bddc-c20287630658','2026-02-23 10:13:24'),('9ef1a07c-e0c7-46b5-aaae-cf35e917f07d','USER_LOGIN','u3','u3','User pm1@mc.com logged in','2026-02-25 05:41:40'),('9f058389-30df-4870-8bf0-8d83a604df71','CREATE_PROJECT','u2','81f31172-be72-49af-b7f9-ad8abbf7e660','Created project Test Notification Project - 2:05:47 pm for customer u9 with PM u3','2026-03-12 08:35:47'),('9f57f177-a23d-4fc3-a090-6596b4071637','VERIFY_PAYMENT','u8','bfa9fc86-a756-4e6c-a78d-2f8c88a82867','Verified extra payment of 20.00 for project web project','2026-03-02 08:36:27'),('9f7bbf53-f9de-4b35-8a23-3ef3af4cee2e','PAY_EXTRA_CHARGE','501da61c-3845-4dc3-bddc-c20287630658','7566dfc2-31ae-4fb9-9c1b-cf4c42ec2e79','Paid extra charge of 125.00 via cash for project Project 123','2026-02-25 07:07:30'),('a04d6fcc-064d-4d01-a5d5-9efd290baf2a','ASSIGN_SITE','u3','bbb02993-b845-4eb3-9fa2-26cd462475d2','Assigned Site Incharge u5 to project Chethan','2026-02-27 05:47:07'),('a06240b2-1d8c-4b76-adfc-a34f82624fb1','USER_LOGIN','u3','u3','User pm1@mc.com logged in','2026-02-25 10:49:39'),('a0b4ce45-ae90-4902-a80d-15c0f9dc90ea','USER_LOGIN','u7','u7','User finance1@mc.com logged in','2026-02-27 06:33:13'),('a13024e2-9228-4b71-bd83-b9a5ca78dc5a','USER_LOGIN','u2','u2','User admin@mc.com logged in','2026-03-12 09:18:34'),('a221d71e-9e50-46de-b7f1-f592100c56f3','USER_LOGIN','u2','u2','User admin@mc.com logged in','2026-02-23 09:09:04'),('a22cca4f-44f1-4145-98fc-245044808307','PAY_EXTRA_CHARGE','501da61c-3845-4dc3-bddc-c20287630658','bfa9fc86-a756-4e6c-a78d-2f8c88a82867','Paid extra charge of 20.00 via cash for project web project','2026-03-02 08:36:15'),('a28101fe-c671-4011-a12c-0b7352546491','USER_LOGIN','u5','u5','User site1@mc.com logged in','2026-03-13 08:23:49'),('a2cb3c08-7f78-41d4-90d1-6377e98f92f1','ASSIGN_FINANCE','u2','2591b94c-43d1-45e1-8590-6d62c8ba1369','Assigned Finance u8 to project Sibi','2026-03-03 04:03:55'),('a3edfb4f-381f-402a-8ac5-e082e69385cd','CREATE_PAYMENT','501da61c-3845-4dc3-bddc-c20287630658','71a65b61-3484-47db-829f-37d91f94ed54','Created advance payment of 2 via cash for project Chethan','2026-02-27 06:32:42'),('a49d2629-3618-4a32-b630-6a07bac45b49','USER_LOGIN','u1','u1','User super@mc.com logged in','2026-02-26 11:13:17'),('a4b68bfe-eee6-4c35-af27-cf09088403a4','USER_LOGIN','u4','u4','User pm2@mc.com logged in','2026-02-28 05:29:33'),('a501e008-5aef-4a87-9607-c5180285971c','USER_LOGIN','501da61c-3845-4dc3-bddc-c20287630658','501da61c-3845-4dc3-bddc-c20287630658','User sibi@male.com logged in','2026-03-12 10:53:21'),('a548c82b-2005-499c-84af-4b060484d428','USER_LOGIN','u2','u2','User admin@mc.com logged in','2026-03-13 05:04:41'),('a567f2b6-6a67-4204-b1d5-1c86a7b1d617','USER_LOGIN','501da61c-3845-4dc3-bddc-c20287630658','501da61c-3845-4dc3-bddc-c20287630658','User sibi@male.com logged in','2026-02-25 05:06:33'),('a599404b-9738-4136-8136-a2517f77f6e6','USER_LOGIN','u8','u8','User finance2@mc.com logged in','2026-03-02 08:27:27'),('a5a860d2-968e-487c-b1a5-c76755834405','USER_LOGIN','501da61c-3845-4dc3-bddc-c20287630658','501da61c-3845-4dc3-bddc-c20287630658','User sibi@male.com logged in','2026-02-27 04:52:30'),('a62cb795-cb5e-4b2c-819b-f67e44703e35','USER_LOGIN','u2','u2','User admin@mc.com logged in','2026-03-02 05:38:59'),('a639dbb5-4204-4604-a32c-1ad5aeedeb55','USER_LOGIN','501da61c-3845-4dc3-bddc-c20287630658','501da61c-3845-4dc3-bddc-c20287630658','User sibi@male.com logged in','2026-03-12 09:15:27'),('a66c66f3-99f5-4e40-8969-5109b1e68689','USER_LOGIN','u1','u1','User super@mc.com logged in','2026-03-03 04:02:16'),('a6ba50ee-978b-4dc8-98c2-ee3f0eaec32a','USER_LOGIN','u1','u1','User super@mc.com logged in','2026-03-12 09:49:36'),('a707adee-fed4-4794-8168-5800c8496498','USER_LOGIN','u8','u8','User finance2@mc.com logged in','2026-03-03 04:10:07'),('a759550e-a307-4747-9aee-8ccd9053e748','USER_LOGIN','u2','u2','User admin@mc.com logged in','2026-02-27 05:46:14'),('a75a5fca-a5f3-46f8-a0e8-227ba55c6711','ASSIGN_SITE','u3','99c7c4a9-94c1-43f3-8e01-1ba5d0fa6195','Assigned Site Incharge u5 to project Test Notification Fixed','2026-03-12 08:45:29'),('a76ab08f-f185-4c2c-a5b6-6ced04feeeb6','USER_LOGIN','u5','u5','User site1@mc.com logged in','2026-03-12 09:00:51'),('a7d5d86c-b123-46a4-a535-e37d4ac64fc6','USER_LOGIN','u5','u5','User site1@mc.com logged in','2026-02-26 06:27:26'),('a8600f99-4fa4-4520-a980-db8459c0690d','USER_LOGIN','u2','u2','User admin@mc.com logged in','2026-02-23 09:25:08'),('a8aff533-6a30-421f-8874-0b0cc91e95f9','STATUS_CHANGE','u3','c1e63a09-4d34-429c-9b4a-921844d3e52a','Changed project Project 123 status from PM_ASSIGNED to VISIT_DONE','2026-02-23 11:24:02'),('a8da264c-17b9-4fe5-bd5b-8a74889577cd','ACTIVATE_USER','u1','u7','Activated user finance1@mc.com','2026-03-12 10:11:15'),('a9e5b35e-f60b-42a7-b564-9ba8a8374c3c','USER_LOGIN','u2','u2','User admin@mc.com logged in','2026-02-28 10:46:12'),('aa0a4ed3-d381-459c-a8bd-899c75065ae2','USER_LOGIN','u5','u5','User site1@mc.com logged in','2026-03-13 08:20:38'),('aa167abc-ac5c-439f-8429-cc438c7c1fff','USER_LOGIN','u8','u8','User finance2@mc.com logged in','2026-03-02 08:15:43'),('aab36186-3b5b-4727-82cf-0de8d0112051','VERIFY_PAYMENT','u7','d95d1d3e-19fc-4117-81f0-7d9c2cd94994','Verified advance payment of 12000.00 for project Project 123','2026-02-25 05:08:04'),('ab144570-5073-4221-83ed-69dd0aa525f2','USER_LOGIN','501da61c-3845-4dc3-bddc-c20287630658','501da61c-3845-4dc3-bddc-c20287630658','User sibi@male.com logged in','2026-03-03 04:10:54'),('ac79366f-d633-4f37-961e-668b6c5f8c35','USER_LOGIN','u3','u3','User pm1@mc.com logged in','2026-02-28 05:21:39'),('ad9253b9-aa6d-4159-8aac-34705f4108ff','ACTIVATE_USER','u1','758104ad-8d77-4c8f-ad72-f66a992a4f8f','Activated user chethan@mc.com','2026-03-12 09:53:33'),('ae31a2b3-51e0-4380-8d75-07d18f2bf804','USER_LOGIN','u8','u8','User finance2@mc.com logged in','2026-03-02 05:33:14'),('ae6bbed9-9791-4705-ba4f-8dda26eef40c','USER_LOGIN','u7','u7','User finance1@mc.com logged in','2026-03-03 04:07:15'),('aea5e635-84f0-4952-82a4-35cc69c9de5a','USER_LOGIN','501da61c-3845-4dc3-bddc-c20287630658','501da61c-3845-4dc3-bddc-c20287630658','User sibi@male.com logged in','2026-03-12 07:26:12'),('b03630b1-7877-4a2e-8a2b-b88d1f134b40','USER_LOGIN','u4','u4','User pm2@mc.com logged in','2026-03-02 07:28:30'),('b093ee50-880a-4da5-912b-8a2af5abb185','USER_LOGIN','u2','u2','User admin@mc.com logged in','2026-03-02 04:29:07'),('b1090cf7-7fc2-4b68-bfc2-f1c54f6742fb','CREATE_EXTRA_CHARGE','u7','59e3491d-f792-4595-b44c-43058ae5ebe7','Created extra charge of 5000 for project Testing last bug fix: Other charges','2026-03-13 08:28:44'),('b1f18b34-1a92-4f49-b9b0-4c10d2c3b58e','USER_LOGIN','u1','u1','User super@mc.com logged in','2026-03-12 09:05:23'),('b21c283b-7757-4cf4-8db8-db4988117f0a','USER_LOGIN','u7','u7','User finance1@mc.com logged in','2026-03-13 08:31:44'),('b2a0fe17-5340-4164-a866-67504c3da717','VERIFY_PAYMENT','u7','1abeca34-0353-4a4b-b759-972024b3c821','Verified final payment of 84912.00 for project Project 123','2026-02-25 05:50:56'),('b2d1657a-5078-4132-8531-62a3d816f98c','USER_LOGIN','u5','u5','User site1@mc.com logged in','2026-03-12 09:10:19'),('b3e0230f-7a87-454e-b214-d46c0dd327bf','USER_LOGIN','u1','u1','User super@mc.com logged in','2026-03-12 10:32:09'),('b3e0870d-2273-4ed7-b036-9a371df52772','DEACTIVATE_USER','u1','u12','Deactivated user cust4@mc.com. Reason: Deactivated by admin','2026-03-12 10:03:11'),('b42099ca-72d1-4d9f-bb6b-73a222c2f19a','ACTIVATE_USER','u1','758104ad-8d77-4c8f-ad72-f66a992a4f8f','Activated user chethan@mc.com','2026-03-12 10:55:40'),('b4e28d28-caed-4df4-8930-db8739a1e975','USER_LOGIN','u5','u5','User site1@mc.com logged in','2026-03-13 08:32:23'),('b58cf6e0-a016-4645-95cb-05ad81875456','USER_LOGIN','u2','u2','User admin@mc.com logged in','2026-03-02 08:37:42'),('b5ab4352-81b1-4628-b70a-d29db0145a82','USER_LOGIN','u2','u2','User admin@mc.com logged in','2026-02-25 09:02:22'),('b6546895-cbe6-4645-94cb-4ebfa1b62112','USER_LOGIN','501da61c-3845-4dc3-bddc-c20287630658','501da61c-3845-4dc3-bddc-c20287630658','User sibi@male.com logged in','2026-02-25 06:38:08'),('b6658b96-1d82-41f1-aa42-132fa3083f5f','USER_LOGIN','u2','u2','User admin@mc.com logged in','2026-03-02 08:23:33'),('b6fed2c3-7eb1-4623-aebe-c23e390f9e4f','APPROVE_QUOTATION','501da61c-3845-4dc3-bddc-c20287630658','429b7807-fc4d-4145-ad55-1a57138849c1','Approved quotation for project Chethan','2026-02-27 06:32:15'),('b854643a-8c04-4258-a7fb-ad5bfee3ed0c','USER_LOGIN','u3','u3','User pm1@mc.com logged in','2026-03-13 07:47:21'),('b8dc5593-c140-4684-9ec8-642fdad7f085','USER_LOGIN','u2','u2','User admin@mc.com logged in','2026-02-23 10:31:29'),('b8dd2e43-7d22-4f68-a038-0d9f578144d2','CREATE_PAYMENT','501da61c-3845-4dc3-bddc-c20287630658','d95d1d3e-19fc-4117-81f0-7d9c2cd94994','Created advance payment of 12000 via cash for project Project 123','2026-02-25 05:07:35'),('b917eefa-9d67-4eb3-bb0b-02ae8c8f8b3a','USER_LOGIN','u3','u3','User pm1@mc.com logged in','2026-02-27 06:15:14'),('b96cbd17-0511-4e61-b7c0-77c1ed7fbfb4','USER_LOGIN','u6','u6','User site2@mc.com logged in','2026-02-28 05:23:28'),('b9b75196-f1e9-480c-9d7d-907ea9578d51','ASSIGN_PM','u2','2591b94c-43d1-45e1-8590-6d62c8ba1369','Assigned PM u3 to project Sibi','2026-03-03 04:03:38'),('ba07f971-27e6-40a8-a83a-7f65d3051c96','DELETE_PROJECT','u2','60741636-b9f9-4d65-badd-88224b7d0fc1','Deleted project web project','2026-03-02 04:56:03'),('ba6b3909-6b56-40c3-8e28-0a4eae77c08f','USER_LOGIN','u8','u8','User finance2@mc.com logged in','2026-03-03 04:15:07'),('bb0bb504-f545-4e83-a359-167f281c60a7','USER_LOGIN','u7','u7','User finance1@mc.com logged in','2026-02-25 07:05:24'),('bbb28701-cdb3-4a88-ae6d-dd97424d9823','CREATE_PAYMENT','501da61c-3845-4dc3-bddc-c20287630658','ca37a532-44a2-4c17-b578-bf70db6eca8b','Created final payment of 6.99 via cash for project web project (Total: 31.99, Already paid: 25.00, Extra charges: 20.00)','2026-03-02 08:39:46'),('bbe035ce-e0c9-40c3-a7ea-5a971a54d7e1','USER_LOGIN','u2','u2','User admin@mc.com logged in','2026-03-12 08:37:12'),('bc2a0f56-e5f8-4e6c-96cd-6b9b0dc2f9e0','USER_LOGIN','u5','u5','User site1@mc.com logged in','2026-02-28 05:23:46'),('bc334040-8389-4e76-b1c9-d26b8e06232e','USER_LOGIN','u3','u3','User pm1@mc.com logged in','2026-02-25 05:26:01'),('bf0c148a-c2a2-449b-8305-7af0d2730b37','ACTIVATE_USER','u1','u10','Activated user cust2@mc.com','2026-03-12 10:02:09'),('bfdbef17-b51a-4ccc-8d3e-74b9075d3c21','GENERATE_QUOTATION','u7','a7683ae6-07f6-45a9-bea0-78c7681e0d01','Generated quotation for project Project 123 with total cost 96912','2026-02-25 04:46:26'),('c05c5951-afd1-4bed-85b2-ce17e175c176','USER_LOGIN','u7','u7','User finance1@mc.com logged in','2026-03-13 08:27:21'),('c0adb50c-6276-4429-b062-1be407e65c8e','USER_LOGIN','501da61c-3845-4dc3-bddc-c20287630658','501da61c-3845-4dc3-bddc-c20287630658','User sibi@male.com logged in','2026-02-25 07:26:09'),('c1455c6b-6a89-4e37-90bf-be9f30b7d2f8','USER_LOGIN','u4','u4','User pm2@mc.com logged in','2026-03-02 07:36:42'),('c157794c-eba9-4620-ad14-2d6605974223','USER_LOGIN','u7','u7','User finance1@mc.com logged in','2026-02-25 05:07:48'),('c1a1dbff-abd4-4c24-8a6b-6aac7bb3aea3','PASSWORD_RESET_REQUEST','82280bf4-651d-43d9-8022-43988252741c','82280bf4-651d-43d9-8022-43988252741c','Password reset OTP requested for 2004chethanrajc@gmail.com','2026-02-25 08:45:12'),('c2de739f-52c8-43eb-bcff-c4a274c8848f','COMPLETE_VISIT','u5','9b73b0c6-5193-4083-9bc0-371b990059ad','Marked visit as completed','2026-02-27 06:12:41'),('c2f91348-0afc-446a-8f4f-94fb8f546fa7','USER_LOGIN','u5','u5','User site1@mc.com logged in','2026-02-23 11:25:00'),('c301deca-0b54-48f0-9545-f8ebe4822922','USER_LOGIN','u2','u2','User admin@mc.com logged in','2026-03-02 08:42:21'),('c49309e5-59dd-48a6-914e-d3bffd64d73e','STATUS_CHANGE','u2','a8a2e8c5-2a1e-4439-8147-395a2669c47d','Changed project web project status from FINAL_PAID to CLOSED','2026-03-02 08:41:09'),('c582d11d-da18-4370-a5ad-cb8ed3eff1cb','USER_LOGIN','u3','u3','User pm1@mc.com logged in','2026-03-12 08:30:41'),('c585eee4-7861-4d32-92ea-c77707fcda0d','USER_LOGIN','u1','u1','User super@mc.com logged in','2026-02-23 09:07:55'),('c5b6edeb-0692-4cdc-8b5c-0f552f53a4ea','USER_LOGIN','u3','u3','User pm1@mc.com logged in','2026-03-12 08:29:44'),('c633f922-89b2-4265-83c2-68ab6ef0539c','USER_LOGIN','u2','u2','User admin@mc.com logged in','2026-03-02 10:17:17'),('c699a6f6-6c92-4992-aede-a309b8a09a91','USER_LOGIN','u3','u3','User pm1@mc.com logged in','2026-02-25 05:51:10'),('c78ec2a8-c1dc-4c8e-93d8-2791195c7630','STATUS_CHANGE','u3','bbb02993-b845-4eb3-9fa2-26cd462475d2','Changed project Chethan status from PM_ASSIGNED to VISIT_DONE','2026-02-27 06:13:14'),('c7a68972-3718-497d-af21-ebe8b52d38a2','USER_LOGIN','u2','u2','User admin@mc.com logged in','2026-03-02 08:40:48'),('c8e71be2-69f9-4b68-8a2f-4d54a11ab1f1','USER_LOGIN','u5','u5','User site1@mc.com logged in','2026-02-27 05:47:52'),('c9185e1f-3ec2-4bea-9138-fc5f3d809201','VERIFY_PAYMENT','u8','c9d27569-3b4f-4c9b-920f-8e8217278242','Verified advance payment of 10.00 for project Sibi','2026-03-03 04:10:19'),('ca32db27-fdac-4db0-b94a-7de30489d332','CREATE_USER','u2','501da61c-3845-4dc3-bddc-c20287630658','Created user sibi@male.com with role customer','2026-02-23 09:25:28'),('ca32f500-673b-4b6a-a78a-4de0147efeeb','USER_LOGIN','u2','u2','User admin@mc.com logged in','2026-03-12 11:32:15'),('ca712eed-c9fe-4caa-9f7b-ba30ce5df49a','CREATE_EXTRA_CHARGE','u8','0a4e5d6a-25d1-4b68-99bf-0b27010d1533','Created extra charge of 12 for project Sibi: Dfg','2026-03-03 04:10:36'),('ca748ea5-ded9-4c27-aa5c-b23b6bdbebad','USER_LOGIN','u2','u2','User admin@mc.com logged in','2026-02-27 07:10:59'),('cb0c1ff8-ec68-4203-bcc0-92bb2ddd8f90','CREATE_PROJECT','u2','d69b9666-e218-4dc7-9319-93838ab825c5','Created project Test Notification Project for customer u9 with PM u3','2026-03-12 08:59:17'),('cb40b9df-5290-4ac0-961e-35ed5a9a86e3','USER_LOGIN','501da61c-3845-4dc3-bddc-c20287630658','501da61c-3845-4dc3-bddc-c20287630658','User sibi@male.com logged in','2026-02-23 09:27:47'),('cb5b7f9b-830c-4e99-91fd-562cdcf1fb61','USER_LOGIN','u1','u1','User super@mc.com logged in','2026-02-25 07:28:45'),('cc9f6ab1-b1a6-4e32-beea-41d71cf661cf','VERIFY_PAYMENT','u8','8618f4c6-2b03-4bf3-b5e2-f84736464a08','Verified final payment of 6.99 for project web project','2026-03-02 08:40:20'),('cd02d0da-7ff6-4a06-9035-a1611100d469','COMPLETE_VISIT','u5','f9251558-7ca5-4a8c-9d23-56b7c126a796','Marked visit as completed','2026-02-23 11:23:22'),('cd1fa40c-f1c2-4327-bc12-b47577df555b','USER_LOGIN','u2','u2','User admin@mc.com logged in','2026-02-28 05:22:30'),('cd40ec78-032d-4dd1-913b-71d882224d01','ASSIGN_PM','u2','bbb02993-b845-4eb3-9fa2-26cd462475d2','Assigned PM u3 to project Chethan','2026-02-27 05:46:41'),('cda9fbfd-b276-49ad-8a6e-487ac68236f9','COMPLETE_VISIT','u5','b8ad40bc-9787-4fe0-b585-5fa8db8e93b3','Marked visit as completed','2026-03-13 08:23:53'),('cdca8089-b598-446a-a818-e8517d97bcc3','DEACTIVATE_USER','u1','u10','Deactivated user cust2@mc.com. Reason: Testing counts','2026-03-12 10:01:50'),('ce6e8927-232f-43b4-a0e4-8659cb315e19','USER_LOGIN','u2','u2','User admin@mc.com logged in','2026-03-02 04:21:08'),('cef503c0-d58f-4732-aaff-4d9a5c1b51d7','USER_LOGIN','u7','u7','User finance1@mc.com logged in','2026-02-25 04:54:22'),('cfc29100-324a-4502-9383-0fd9960d4567','DEACTIVATE_USER','u1','758104ad-8d77-4c8f-ad72-f66a992a4f8f','Deactivated user chethan@mc.com. Reason: Test cycle','2026-03-12 09:53:33'),('d06e3baf-a117-4e04-ae09-5398f157b01f','USER_LOGIN','u2','u2','User admin@mc.com logged in','2026-03-03 04:27:07'),('d092e852-a842-4c0f-b448-a48c65e7daf7','USER_LOGIN','u3','u3','User pm1@mc.com logged in','2026-03-12 08:35:46'),('d1042499-51c6-4a55-b97c-2a3d0059fbec','USER_LOGIN','u2','u2','User admin@mc.com logged in','2026-03-12 09:20:13'),('d2b23569-8fa6-4d22-9605-031ab6abf77f','USER_LOGIN','u3','u3','User pm1@mc.com logged in','2026-03-12 08:49:32'),('d2b98b3b-1fb3-4494-b0d7-7eb6bc98cbdc','USER_LOGIN','u1','u1','User super@mc.com logged in','2026-03-12 10:34:01'),('d2ba7afa-c93a-467b-9069-edc751fc39ed','CREATE_PROJECT','u2','2591b94c-43d1-45e1-8590-6d62c8ba1369','Created project Sibi for customer 501da61c-3845-4dc3-bddc-c20287630658','2026-03-03 04:03:37'),('d2c017aa-324a-43c4-88ef-06eb6d0a099e','STATUS_CHANGE','u4','a8a2e8c5-2a1e-4439-8147-395a2669c47d','Changed project web project status from WORK_STARTED to COMPLETED','2026-03-02 08:38:48'),('d2ea0079-6f85-4403-874c-3063dcdaa0ca','USER_LOGIN','u1','u1','User super@mc.com logged in','2026-03-12 09:59:46'),('d32c5efd-54f6-4f94-bb1e-7529572f0f47','USER_LOGIN','u2','u2','User admin@mc.com logged in','2026-03-03 04:02:38'),('d3a2303b-0769-4b1e-9fab-04abc8cd6427','CREATE_PROJECT','u2','bbb02993-b845-4eb3-9fa2-26cd462475d2','Created project Chethan for customer 501da61c-3845-4dc3-bddc-c20287630658','2026-02-27 05:46:41'),('d3c6b69b-3dbe-4319-bcd8-62716874be44','GENERATE_QUOTATION','u7','71a154e9-0daa-460d-a89c-ce5a7b4f6568','Generated quotation for project Test Notification Project with total cost 90000 and advance 30000','2026-03-12 09:02:13'),('d41b3a8d-8674-4c6b-a63e-04dbffbf5616','ASSIGN_PM','u2','b7abd319-c61f-4e89-99d3-b9a6d6283762','Assigned PM u3 to project Test','2026-03-12 06:53:23'),('d45de44f-5a73-497f-ab09-163108f3e8c0','USER_LOGIN','u5','u5','User site1@mc.com logged in','2026-03-12 10:29:42'),('d4c31ef3-26de-465d-b873-d8932e528e29','USER_LOGIN','u8','u8','User finance2@mc.com logged in','2026-03-02 07:36:49'),('d4e04351-b802-4555-9ccb-1e4d38a5009a','VERIFY_PAYMENT','u7','c26a2a04-ace6-42a7-bbc6-b3fe34111983','Verified advance payment of 10.00 for project Bs','2026-02-28 05:27:36'),('d4e43c3c-39a4-43c4-b162-0c8b07072adb','USER_LOGIN','u5','u5','User site1@mc.com logged in','2026-02-25 05:42:47'),('d5189936-8206-426f-8561-37c052651bed','USER_LOGIN','u3','u3','User pm1@mc.com logged in','2026-03-12 08:45:17'),('d555aa01-67fb-4bd6-a4cb-1a38113a7fea','USER_LOGIN','u1','u1','User super@mc.com logged in','2026-03-12 11:32:54'),('d57df93c-1110-405f-9881-148956fa122a','PAY_EXTRA_CHARGE','501da61c-3845-4dc3-bddc-c20287630658','65f7a6aa-855e-4d2c-a64b-16593aeb21cf','Paid extra charge of 20.00 via cash for project Bs','2026-02-28 05:30:08'),('d58a1fdd-0f3d-456a-bc5f-54e4cf934bf0','USER_LOGIN','u2','u2','User admin@mc.com logged in','2026-02-25 09:34:19'),('d58d0107-3b80-46f1-8622-b9c43b283c21','USER_LOGIN','u2','u2','User admin@mc.com logged in','2026-03-12 06:47:02'),('d5cd5330-6985-478f-b3ab-27a9271f3d01','USER_LOGIN','u5','u5','User site1@mc.com logged in','2026-03-13 08:21:48'),('d6e2c0cc-1ea0-4fcd-9a58-c51fb3b3c6fb','SUBMIT_REPORT','u5','6e534f8c-adab-4eaa-b816-ee7b28da6f0c','Submitted site report for project Test Notification Project','2026-03-12 09:01:18'),('d77f4f1e-6199-470b-a8ce-906143853f9b','USER_LOGIN','u3','u3','User pm1@mc.com logged in','2026-02-27 05:48:16'),('d82fa8e0-23e8-4749-b92c-db401da2d5ca','USER_LOGIN','u1','u1','User super@mc.com logged in','2026-03-13 05:22:14'),('d93e10e5-8fe9-42eb-8471-6eb2e3af0bcc','DEACTIVATE_USER','u1','758104ad-8d77-4c8f-ad72-f66a992a4f8f','Deactivated user chethan@mc.com. Reason: Testing deactivation','2026-03-12 09:49:55'),('d97eaa06-1bab-416a-ab0b-5c271ac2e289','USER_LOGIN','u7','u7','User finance1@mc.com logged in','2026-02-27 06:55:55'),('d9ae23be-aa51-4e0c-9648-f8795516d5be','USER_LOGIN','u2','u2','User admin@mc.com logged in','2026-02-23 09:37:43'),('daba50fa-8756-4d3c-b87e-4c06ecb00f98','USER_LOGIN','u7','u7','User finance1@mc.com logged in','2026-03-12 10:40:36'),('db146c06-ef0b-41ce-a4b2-8f51009194d4','USER_LOGIN','u8','u8','User finance2@mc.com logged in','2026-03-03 04:07:28'),('db3b938a-93a7-4f4b-9f64-7d2fcb7a2cc1','USER_LOGIN','u2','u2','User admin@mc.com logged in','2026-02-26 11:05:29'),('dbe3438b-a881-4e84-b574-5a562d500842','CREATE_WORKLOG','u5','3c1a46a8-1318-4c9f-98ad-73a5fa85f390','Created work log for floor 2 in project Project 123','2026-02-25 05:29:17'),('dc6ebc81-117b-4122-a8e0-834124a2c6c7','USER_LOGIN','u3','u3','User pm1@mc.com logged in','2026-02-23 10:30:45'),('dcc49344-92a9-482e-ad4b-6d1ae74172c8','USER_LOGIN','u3','u3','User pm1@mc.com logged in','2026-03-13 09:24:53'),('ddd52881-1cfb-4890-8b92-a86278ce6f7f','USER_LOGIN','u1','u1','User super@mc.com logged in','2026-03-12 09:53:19'),('de927f64-4700-46dd-85d0-0117fe8d9957','USER_LOGIN','u5','u5','User site1@mc.com logged in','2026-02-27 05:54:33'),('deb54a93-d93d-4b9b-921d-4bdcc22c7e6f','CREATE_PROJECT','u2','b9c725c1-088f-4dab-acd8-b3166042a4f2','Created project Test3 notification for customer 501da61c-3845-4dc3-bddc-c20287630658 with PM u3','2026-03-12 07:19:48'),('df191ed7-3e8d-427a-bae1-cdaa848b1549','USER_LOGIN','501da61c-3845-4dc3-bddc-c20287630658','501da61c-3845-4dc3-bddc-c20287630658','User sibi@male.com logged in','2026-02-27 06:31:57'),('df47e401-e62b-4254-b9a3-063554f86841','ADD_WORKLOG_IMAGES','u5','e45f66f7-71ee-44b7-916d-e4ce2dbdb101','Added 1 image(s) to work log','2026-03-13 08:44:50'),('dfc90f5e-35fc-44e0-b5c9-04f56100b526','USER_LOGIN','u3','u3','User pm1@mc.com logged in','2026-02-25 06:14:52'),('dfeb4b6c-0eb6-4d0a-ad0f-4090c93a16ac','ASSIGN_FINANCE','u2','2de2c025-256b-4421-a522-463af92c87d0','Assigned Finance u7 to project Testing last bug fix','2026-03-13 06:40:12'),('e137f212-5237-47ac-a601-d605eceb8437','USER_LOGIN','501da61c-3845-4dc3-bddc-c20287630658','501da61c-3845-4dc3-bddc-c20287630658','User sibi@male.com logged in','2026-02-25 06:16:52'),('e36307bc-04a2-4b67-92bb-9f9f9801c145','USER_LOGIN','u2','u2','User admin@mc.com logged in','2026-02-25 05:29:51'),('e36baaa4-a231-4756-8955-4820417b92f2','SCHEDULE_VISIT','u3','f9251558-7ca5-4a8c-9d23-56b7c126a796','Scheduled visit for project Project 123 on 2026-02-28 at 03:00:00','2026-02-23 11:20:46'),('e3e2017a-07c0-44ae-bd9f-fdc0c8c66b21','USER_LOGIN','u4','u4','User pm2@mc.com logged in','2026-03-02 07:28:46'),('e4042ed6-f50d-4317-8251-88f25424d14c','VERIFY_PAYMENT','u7','59e3491d-f792-4595-b44c-43058ae5ebe7','Verified extra payment of 5000.00 for project Testing last bug fix','2026-03-13 08:31:54'),('e40edace-c9f7-41fc-9183-3c7a4baf3d62','SUBMIT_REPORT','u5','0214fb23-ff0f-489c-8775-f8a2ef899629','Submitted site report for project Project 123','2026-02-25 04:16:12'),('e4178b54-f6f1-4a1a-9082-3a16d6520ed9','SCHEDULE_VISIT','u3','783ba5fd-e719-46c9-ab74-ce5fa878f8f6','Scheduled visit for project Testing last bug fix on 2026-03-13 at 13:48:00','2026-03-13 08:18:45'),('e4d478ef-4b65-4f57-82b6-c0e4dad633b4','COMPLETE_VISIT','u5','5161dc22-f66d-4122-901e-e267b1204ba3','Marked visit as completed','2026-02-27 06:12:43'),('e53bb15a-b936-4bce-bab5-64088836ebf3','USER_LOGIN','u7','u7','User finance1@mc.com logged in','2026-02-25 07:26:33'),('e5f4b31e-005a-4dc0-b98c-8039bbf461f8','VERIFY_PAYMENT','u7','65f7a6aa-855e-4d2c-a64b-16593aeb21cf','Verified extra payment of 20.00 for project Bs','2026-02-28 05:30:36'),('e6fafc25-bc42-41ce-99aa-6ea80a84da8d','USER_LOGIN','u2','u2','User admin@mc.com logged in','2026-03-12 06:52:01'),('e7359621-623a-412e-b4fc-f42d49804dbe','USER_LOGIN','u7','u7','User finance1@mc.com logged in','2026-02-28 05:24:53'),('e7ae3b3c-a33f-46ba-9a97-4b7dd95e787e','USER_LOGIN','u7','u7','User finance1@mc.com logged in','2026-02-25 07:24:01'),('e81fbcf5-e815-4f00-b2ad-f30431b4ed20','USER_LOGIN','u2','u2','User admin@mc.com logged in','2026-02-23 09:49:53'),('e8dd2d40-de9e-452c-ae48-3eaa61367ee9','PAY_EXTRA_CHARGE','501da61c-3845-4dc3-bddc-c20287630658','59e3491d-f792-4595-b44c-43058ae5ebe7','Paid extra charge of 5000.00 via cash for project Testing last bug fix','2026-03-13 08:31:30'),('e9114641-0da1-4e0f-9dda-23c7cf567682','USER_LOGIN','u2','u2','User admin@mc.com logged in','2026-03-12 09:47:07'),('e93b78d4-1a11-4c6f-a82d-30ea540cf46d','CREATE_PROJECT','u2','99c7c4a9-94c1-43f3-8e01-1ba5d0fa6195','Created project Test Notification Fixed for customer u9 with PM u3','2026-03-12 08:38:48'),('e965db01-75aa-4c75-a961-f18346385edd','USER_LOGIN','u2','u2','User admin@mc.com logged in','2026-02-25 10:22:10'),('e995724b-23d2-4db2-b71e-5b09ff7062c5','ASSIGN_SITE','u4','135b0ded-37a4-4389-94e2-371aba6fc438','Assigned Site Incharge u5 to project Bs','2026-02-28 05:23:02'),('ea447a69-67da-41ca-a995-5f9d469a7b76','USER_LOGIN','u8','u8','User finance2@mc.com logged in','2026-03-02 07:06:22'),('ea7642f5-2c4a-4cb0-820c-1ecc1999e5e8','CREATE_WORKLOG','u5','e45f66f7-71ee-44b7-916d-e4ce2dbdb101','Created work log for floor 1 in project Testing last bug fix','2026-03-13 08:33:23'),('eab7c454-d096-4651-ba64-8322012a5471','USER_LOGIN','u1','u1','User super@mc.com logged in','2026-03-02 09:14:25'),('eabe1a1b-b621-4bbb-b0d0-e9ebf7ec999f','USER_LOGIN','u5','u5','User site1@mc.com logged in','2026-03-03 04:04:44'),('eafc6699-6aad-4c4a-b1e7-2c673c06a1d6','USER_LOGIN','u2','u2','User admin@mc.com logged in','2026-03-12 08:58:44'),('eb68c73c-ce06-43c9-9cb0-8cea00f632ca','USER_LOGIN','u2','u2','User admin@mc.com logged in','2026-03-02 05:10:55'),('eb8579d1-5b84-4347-9f38-d496f9af31b9','USER_LOGIN','u3','u3','User pm1@mc.com logged in','2026-03-02 04:58:47'),('ebc9c937-9f58-4ddd-a3a2-0067e6efb70f','DEACTIVATE_USER','u1','u12','Deactivated user cust4@mc.com. Reason: Deactivated by admin','2026-03-12 10:06:51'),('ec3b42f1-46dd-4919-a1f7-7d5c66a704c6','USER_LOGIN','u6','u6','User site2@mc.com logged in','2026-03-02 07:34:35'),('ec5d61f7-bfb6-4a8e-9156-84a300463dc8','USER_LOGIN','u2','u2','User admin@mc.com logged in','2026-03-12 08:33:32'),('ec769ddf-e1a8-4469-9a3a-a9cad742e940','CREATE_PAYMENT','501da61c-3845-4dc3-bddc-c20287630658','8618f4c6-2b03-4bf3-b5e2-f84736464a08','Created final payment of 6.99 via cash for project web project (Total: 31.99, Already paid: 25.00, Extra charges: 20.00)','2026-03-02 08:40:01'),('ecd7b19e-a04c-434f-9dcb-635a3427e2a5','SIGNATURE_UPLOAD','501da61c-3845-4dc3-bddc-c20287630658','bbb02993-b845-4eb3-9fa2-26cd462475d2','Customer signed project bbb02993-b845-4eb3-9fa2-26cd462475d2','2026-02-27 06:55:28'),('ee5e65b5-8af7-4728-b6d8-ef38a7f2b851','USER_LOGIN','u1','u1','User super@mc.com logged in','2026-02-23 09:26:53'),('ef321876-5cc3-4eb8-81aa-28a38cdfe184','STATUS_CHANGE','u4','135b0ded-37a4-4389-94e2-371aba6fc438','Changed project Bs status from ADVANCE_PAID to WORK_STARTED','2026-02-28 05:29:37'),('f0bc8a1b-0207-476c-803c-eae4ef9268fe','USER_LOGIN','u5','u5','User site1@mc.com logged in','2026-03-13 09:25:52'),('f0e1d8ee-d65d-4632-8a50-05da34a8091c','STATUS_CHANGE','u2','2591b94c-43d1-45e1-8590-6d62c8ba1369','Changed project Sibi status from FINAL_PAID to CLOSED','2026-03-03 04:15:47'),('f122aa79-9e83-46ec-bda6-13d5f8814016','STATUS_CHANGE','u3','bbb02993-b845-4eb3-9fa2-26cd462475d2','Changed project Chethan status from ADVANCE_PAID to WORK_STARTED','2026-02-27 06:46:24'),('f13f35e5-60c9-4379-ad33-19f8cda69a51','GENERATE_QUOTATION','u7','ec0ccd5d-6ba4-4e26-82ae-c86118f51387','Generated quotation for project Bs with total cost 25 and advance 10','2026-02-28 05:26:30'),('f1407f84-4d94-44f6-b79d-50cd55a3bfc5','USER_LOGIN','u7','u7','User finance1@mc.com logged in','2026-02-25 04:59:21'),('f1db7cb0-efa3-4781-88a2-693c2781cdc6','USER_LOGIN','501da61c-3845-4dc3-bddc-c20287630658','501da61c-3845-4dc3-bddc-c20287630658','User sibi@male.com logged in','2026-03-02 07:16:36'),('f2873676-1bd1-4b16-abbd-48cd48a5770e','VERIFY_PAYMENT','u7','a9480b85-e21b-41e7-82bd-f3bdc5c5e87d','Verified final payment of 15.00 for project Bs','2026-02-28 06:10:21'),('f337be98-1863-4f28-ab8d-74cc35f056d9','VERIFY_PAYMENT','u8','0a4e5d6a-25d1-4b68-99bf-0b27010d1533','Verified extra payment of 12.00 for project Sibi','2026-03-03 04:11:27'),('f361a701-2598-416a-892d-a2896a3526e7','VERIFY_PAYMENT','u7','2ffded40-c0ef-4407-8e8d-2c630a449aa6','Verified extra payment of 100.00 for project Project 123','2026-02-25 07:26:39'),('f3fecf60-65ec-4fd0-bd8a-7a9fcedbfe20','STATUS_CHANGE','u3','c1e63a09-4d34-429c-9b4a-921844d3e52a','Changed project Project 123 status from WORK_STARTED to COMPLETED','2026-02-25 06:16:32'),('f40a564d-1880-431e-8201-dbd95c62cf6f','STATUS_CHANGE','u3','2591b94c-43d1-45e1-8590-6d62c8ba1369','Changed project Sibi status from ADVANCE_PAID to WORK_STARTED','2026-03-03 04:11:59'),('f4169f74-57b4-4e55-815a-d10aae74874b','USER_LOGIN','u4','u4','User pm2@mc.com logged in','2026-02-28 05:30:53'),('f4cd515a-65ce-4377-b75c-6b8734afb8fa','USER_LOGIN','u5','u5','User site1@mc.com logged in','2026-03-03 04:12:11'),('f592783a-dd32-4230-aa89-0a2ee96d2ab7','CREATE_PROJECT','u2','8539f4a8-a692-4e67-a9af-371043539fcf','Created project Test2 for customer 501da61c-3845-4dc3-bddc-c20287630658 with PM u3','2026-03-12 07:19:15'),('f59d43cb-0aa7-4cef-8d8d-e4cd5c7282db','GENERATE_QUOTATION','u7','429b7807-fc4d-4145-ad55-1a57138849c1','Generated quotation for project Chethan with total cost 23 and advance 2','2026-02-27 06:31:29'),('f59d5f97-3964-45dd-8568-112262e3f1e8','APPROVE_QUOTATION','501da61c-3845-4dc3-bddc-c20287630658','ec0ccd5d-6ba4-4e26-82ae-c86118f51387','Approved quotation for project Bs','2026-02-28 05:27:01'),('f5a8e307-64fa-4bda-af81-74743428e45e','USER_LOGIN','501da61c-3845-4dc3-bddc-c20287630658','501da61c-3845-4dc3-bddc-c20287630658','User sibi@male.com logged in','2026-02-25 07:22:48'),('f6a552e6-69ef-45e8-8bb6-7b113f74e703','CREATE_PAYMENT','501da61c-3845-4dc3-bddc-c20287630658','af9c6a19-1d87-4dc2-998a-e3ef0c03ab32','Created final payment of 84912 via cash for project Project 123','2026-02-25 06:22:47'),('f6bedf5d-291b-45de-a6e1-bb31a8d016f6','ASSIGN_FINANCE','u2','bbb02993-b845-4eb3-9fa2-26cd462475d2','Assigned Finance u7 to project Chethan','2026-02-27 06:16:41'),('f6cd262a-e051-40c2-a36d-4638f81e4087','USER_LOGIN','501da61c-3845-4dc3-bddc-c20287630658','501da61c-3845-4dc3-bddc-c20287630658','User sibi@male.com logged in','2026-02-26 04:54:15'),('f6dfd7a1-38f2-4312-b272-b2430c5dbc1a','USER_LOGIN','u10','u10','User cust2@mc.com logged in','2026-02-25 10:30:10'),('f7bfbf94-534a-485e-8ce1-a93f8e117dc3','USER_LOGIN','u1','u1','User super@mc.com logged in','2026-03-13 05:05:10'),('f95ea1e6-8dfe-4148-8548-dfc7422bbf3d','VERIFY_PAYMENT','u7','f7d4e3ee-5e1e-406b-822e-dd5b118cde66','Verified final payment of 15.00 for project Bs','2026-02-28 06:10:28'),('fa7abd53-09f5-464d-bf55-c53897aa299c','PASSWORD_RESET_REQUEST','6074e338-4bc4-439b-9c63-37129e37b8b8','6074e338-4bc4-439b-9c63-37129e37b8b8','Password reset OTP sent to chethanrajc2004@gmail.com','2026-02-25 09:14:41'),('fbbe3323-753e-4dac-b647-cfdce6e739e2','USER_LOGIN','u7','u7','User finance1@mc.com logged in','2026-03-02 05:00:43'),('fbc24f26-6346-4e0f-9432-65ea624992b5','USER_LOGIN','u3','u3','User pm1@mc.com logged in','2026-03-12 08:59:54'),('fcf99cc5-02f5-405b-bcce-922a2897ddbc','DEACTIVATE_USER','u1','u7','Deactivated user finance1@mc.com. Reason: Test filter','2026-03-12 10:05:26'),('fd27ea92-e3d9-4faa-acde-9eab84aa027d','USER_LOGIN','u3','u3','User pm1@mc.com logged in','2026-03-13 07:53:13'),('fd9fc2a8-4a42-4aa3-bab9-3934700acbd9','SCHEDULE_VISIT','u3','c354000f-cf75-4528-bc5e-258b424028da','Scheduled visit for project Testing last bug fix on 2026-03-15 at 13:18:00','2026-03-13 07:49:05'),('fdcc021b-8f68-4a04-ad57-0059dae56b2f','USER_LOGIN','u7','u7','User finance1@mc.com logged in','2026-02-27 06:18:45'),('fdd18827-4615-40b9-918a-91c685228560','ACTIVATE_USER','u1','u12','Activated user cust4@mc.com','2026-03-12 10:05:45'),('fe5c0d1c-d222-4459-90a9-a2985e26f634','USER_LOGIN','u3','u3','User pm1@mc.com logged in','2026-02-27 06:46:19'),('feae40b6-9ede-42d1-8001-5711796bedcc','COMPLETE_VISIT','u5','f4ea3a80-2910-401b-9295-2a52da2c5ae5','Marked visit as completed','2026-03-03 04:04:59'),('ff029117-3514-4a25-b9b2-8a3b73d2319d','USER_LOGIN','u1','u1','User super@mc.com logged in','2026-03-02 08:42:00'),('ff81d334-4379-43e1-8315-a7440839c4e0','USER_LOGIN','501da61c-3845-4dc3-bddc-c20287630658','501da61c-3845-4dc3-bddc-c20287630658','User sibi@male.com logged in','2026-02-27 06:47:08');
/*!40000 ALTER TABLE `audit_logs` ENABLE KEYS */;
UNLOCK TABLES;

--
-- Table structure for table `notifications`
--

DROP TABLE IF EXISTS `notifications`;
/*!40101 SET @saved_cs_client     = @@character_set_client */;
/*!50503 SET character_set_client = utf8mb4 */;
CREATE TABLE `notifications` (
  `id` varchar(36) NOT NULL,
  `user_id` varchar(36) NOT NULL,
  `title` varchar(255) NOT NULL,
  `body` text NOT NULL,
  `data` json DEFAULT NULL,
  `read_status` tinyint(1) DEFAULT '0',
  `created_at` timestamp NULL DEFAULT CURRENT_TIMESTAMP,
  PRIMARY KEY (`id`),
  KEY `idx_user_id` (`user_id`),
  KEY `idx_created_at` (`created_at`),
  KEY `idx_read_status` (`read_status`)
) ENGINE=InnoDB DEFAULT CHARSET=utf8mb4 COLLATE=utf8mb4_0900_ai_ci;
/*!40101 SET character_set_client = @saved_cs_client */;

--
-- Dumping data for table `notifications`
--

LOCK TABLES `notifications` WRITE;
/*!40000 ALTER TABLE `notifications` DISABLE KEYS */;
INSERT INTO `notifications` VALUES ('01729a69-7ea3-419f-b92b-8b88aeffd017','e6b7ad6e-4e96-473c-ab7c-36e5ee978bf0','Visit Rejected','Site Manoj rejected a visit for \"Testing last bug fix\". Reason: Ek ek dm','{\"type\": \"VISIT_REJECTED\", \"action\": \"view_projects\", \"projectId\": \"e05ab828-6eef-4c8d-afa3-30db421a6f5a\"}',0,'2026-03-13 07:52:55'),('0209f4f6-73e9-42f1-86ef-b9ad73adda6f','u3','Site Visit Scheduled','Visit scheduled for \"Testing last bug fix\" on 2026-03-15 at 13:18:00','{\"type\": \"VISIT_SCHEDULED\", \"action\": \"view_project\", \"projectId\": \"e05ab828-6eef-4c8d-afa3-30db421a6f5a\"}',0,'2026-03-13 07:49:05'),('02159b55-7ee9-4f8e-9b39-be7b10d4be97','82280bf4-651d-43d9-8022-43988252741c','Site Visit Scheduled','Visit scheduled for \"Test Notification Fixed\" on 2026-03-12 at 14:16:00','{\"type\": \"VISIT_SCHEDULED\", \"action\": \"view_project\", \"projectId\": \"99c7c4a9-94c1-43f3-8e01-1ba5d0fa6195\"}',0,'2026-03-12 08:46:18'),('0368698b-d0b0-45de-9591-e894453331e1','10fb3610-39ec-4004-badf-af023fdd9412','Report Submitted','Site report has been submitted for \"Testing last bug fix\"','{\"type\": \"REPORT_SUBMITTED\", \"action\": \"view_reports\", \"projectId\": \"e05ab828-6eef-4c8d-afa3-30db421a6f5a\"}',0,'2026-03-13 08:25:16'),('03c59a11-73f0-4b7f-85e1-b3875d12dd58','e6b7ad6e-4e96-473c-ab7c-36e5ee978bf0','Payment Verified','Extra Charge payment for \"Testing last bug fix\" has been verified','{\"type\": \"PAYMENT_VERIFIED\", \"action\": \"view_project\", \"projectId\": \"e05ab828-6eef-4c8d-afa3-30db421a6f5a\"}',0,'2026-03-13 08:31:55'),('04e024f4-94e3-4e9f-bb86-69bf47f33ea9','501da61c-3845-4dc3-bddc-c20287630658','Work Log Images Added','Site Manoj added 1 image to Floor 1 work log in \"Testing last bug fix\"','{\"type\": \"WORKLOG_IMAGES_ADDED\", \"action\": \"view_projects\", \"projectId\": \"e05ab828-6eef-4c8d-afa3-30db421a6f5a\"}',0,'2026-03-13 09:10:48'),('0558f794-b197-407e-84c4-cd878e4dc12f','501da61c-3845-4dc3-bddc-c20287630658','Project Status Updated','\"Testing last bug fix\" - QUOTATION_GENERATED','{\"type\": \"STATUS_CHANGE\", \"action\": \"view_project\", \"status\": \"QUOTATION_GENERATED\", \"projectId\": \"e05ab828-6eef-4c8d-afa3-30db421a6f5a\"}',0,'2026-03-13 08:28:26'),('05d233c9-7621-4670-bccb-5dbd1524a9fe','u3','New Project Assigned','Project Manager has been assigned to \"Test Site Assignment Notification\"','{\"type\": \"PM_ASSIGNED\", \"action\": \"view_projects\", \"projectId\": \"8c83dbd5-824f-48a9-b9f1-908fd9b63145\"}',0,'2026-03-12 08:48:56'),('0674c265-c9a9-42c2-b47a-1f9efca6f006','u2','Visit Rejected','Site Manoj rejected a visit for \"Testing last bug fix\". Reason: Final rejection to check notification','{\"type\": \"VISIT_REJECTED\", \"action\": \"view_projects\", \"projectId\": \"e05ab828-6eef-4c8d-afa3-30db421a6f5a\"}',0,'2026-03-13 08:22:43'),('0697b92e-59ae-4426-90e1-a9671120fb62','u3','Work Log Images Added','Site Manoj added 1 image to Floor 1 work log in \"Testing last bug fix\"','{\"type\": \"WORKLOG_IMAGES_ADDED\", \"action\": \"view_projects\", \"projectId\": \"e05ab828-6eef-4c8d-afa3-30db421a6f5a\"}',0,'2026-03-13 10:09:05'),('070f2cdb-30e8-4a39-af3e-ae3571dadc6f','u7','Visit Rejected','Site Manoj rejected a visit for \"Testing last bug fix\". Reason: Ek dm dm','{\"type\": \"VISIT_REJECTED\", \"action\": \"view_projects\", \"projectId\": \"e05ab828-6eef-4c8d-afa3-30db421a6f5a\"}',0,'2026-03-13 08:17:48'),('081e8161-f950-4fc3-9c8f-e0156ade05b7','u3','Work Log Images Added','Site Manoj added 1 image to Floor 1 work log in \"Testing last bug fix\"','{\"type\": \"WORKLOG_IMAGES_ADDED\", \"action\": \"view_projects\", \"projectId\": \"e05ab828-6eef-4c8d-afa3-30db421a6f5a\"}',0,'2026-03-13 09:19:18'),('08d7d997-cf45-486f-b0ee-7d58739e0dbe','8eb70f63-2401-4d83-98af-36a8e2b6c0a8','Payment Verified','Extra Charge payment for \"Testing last bug fix\" has been verified','{\"type\": \"PAYMENT_VERIFIED\", \"action\": \"view_project\", \"projectId\": \"e05ab828-6eef-4c8d-afa3-30db421a6f5a\"}',0,'2026-03-13 08:31:55'),('092c9489-ecbc-447e-b278-d55b90c1ebcf','758104ad-8d77-4c8f-ad72-f66a992a4f8f','Site Visit Scheduled','Visit scheduled for \"Test Notification Fixed\" on 2026-03-12 at 14:16:00','{\"type\": \"VISIT_SCHEDULED\", \"action\": \"view_project\", \"projectId\": \"99c7c4a9-94c1-43f3-8e01-1ba5d0fa6195\"}',0,'2026-03-12 08:46:18'),('09a1cabe-1b77-4bdd-861b-f557c5321ccf','8eb70f63-2401-4d83-98af-36a8e2b6c0a8','Site Visit Scheduled','Visit scheduled for \"Testing last bug fix\" on 2026-03-13 at 12:56:00','{\"type\": \"VISIT_SCHEDULED\", \"action\": \"view_project\", \"projectId\": \"e05ab828-6eef-4c8d-afa3-30db421a6f5a\"}',0,'2026-03-13 07:26:50'),('09b2a4de-9d88-440e-8880-8a538dd707a4','u7','Payment Made','Advance payment of ₹20000 has been made for \"Testing last bug fix\"','{\"type\": \"PAYMENT_MADE\", \"action\": \"view_project\", \"projectId\": \"e05ab828-6eef-4c8d-afa3-30db421a6f5a\"}',0,'2026-03-13 08:31:24'),('09e9faad-4b6d-432e-b1b2-84e0144161ae','u9','New Project Assigned','Project Manager has been assigned to \"Test Notification Project\"','{\"type\": \"PM_ASSIGNED\", \"action\": \"view_projects\", \"projectId\": \"d69b9666-e218-4dc7-9319-93838ab825c5\"}',0,'2026-03-12 08:59:18'),('09f7d86d-92ca-462f-81cd-59f44708ccaf','8eb70f63-2401-4d83-98af-36a8e2b6c0a8','Payment Verified','Advance payment for \"Testing last bug fix\" has been verified','{\"type\": \"PAYMENT_VERIFIED\", \"action\": \"view_project\", \"projectId\": \"e05ab828-6eef-4c8d-afa3-30db421a6f5a\"}',0,'2026-03-13 08:32:01'),('0b90059c-309c-4491-8e45-5e2b44e1cf26','u1','Site Visit Scheduled','Visit scheduled for \"Testing last bug fix\" on 2026-03-15 at 13:18:00','{\"type\": \"VISIT_SCHEDULED\", \"action\": \"view_project\", \"projectId\": \"e05ab828-6eef-4c8d-afa3-30db421a6f5a\"}',0,'2026-03-13 07:49:05'),('0b90b1cb-b682-44eb-af75-7cb6132dedeb','u3','Report Submitted','Site report has been submitted for \"Testing last bug fix\"','{\"type\": \"REPORT_SUBMITTED\", \"action\": \"view_reports\", \"projectId\": \"e05ab828-6eef-4c8d-afa3-30db421a6f5a\"}',0,'2026-03-13 08:25:16'),('0bba23a7-674a-40f6-ae71-82a62413dd6a','8eb70f63-2401-4d83-98af-36a8e2b6c0a8','Payment Made','Extra Charge payment of ₹5000.00 has been made for \"Testing last bug fix\"','{\"type\": \"PAYMENT_MADE\", \"action\": \"view_project\", \"projectId\": \"e05ab828-6eef-4c8d-afa3-30db421a6f5a\"}',0,'2026-03-13 08:31:30'),('0c79af15-8522-426d-b62d-7117997e7ec9','u2','Payment Made','Extra Charge payment of ₹5000.00 has been made for \"Testing last bug fix\"','{\"type\": \"PAYMENT_MADE\", \"action\": \"view_project\", \"projectId\": \"e05ab828-6eef-4c8d-afa3-30db421a6f5a\"}',0,'2026-03-13 08:31:31'),('0d9a5e1d-05d7-4a32-94ea-a5e69f0bbe81','fcf8accb-21b2-46f2-8f08-a31ab4cb026e','Visit Rejected','Site Manoj rejected a visit for \"Testing last bug fix\". Reason: Final rejection to check notification','{\"type\": \"VISIT_REJECTED\", \"action\": \"view_projects\", \"projectId\": \"e05ab828-6eef-4c8d-afa3-30db421a6f5a\"}',0,'2026-03-13 08:22:43'),('0dc59deb-d12d-44ca-a2ff-6e74e05f2bc1','u1','Project Status Updated','\"Testing last bug fix\" - QUOTATION_GENERATED','{\"type\": \"STATUS_CHANGE\", \"action\": \"view_project\", \"status\": \"QUOTATION_GENERATED\", \"projectId\": \"e05ab828-6eef-4c8d-afa3-30db421a6f5a\"}',0,'2026-03-13 08:28:26'),('0e5ea7c0-f090-4109-b2fa-4630bc0ea070','fcf8accb-21b2-46f2-8f08-a31ab4cb026e','Report Submitted','Site report has been submitted for \"Testing last bug fix\"','{\"type\": \"REPORT_SUBMITTED\", \"action\": \"view_reports\", \"projectId\": \"e05ab828-6eef-4c8d-afa3-30db421a6f5a\"}',0,'2026-03-13 08:25:16'),('0e8fcde8-5493-4ebd-86d4-971f5b13e329','u3','Site Incharge Assigned','Site Incharge has been assigned to \"Test Notification Project\"','{\"type\": \"SITE_ASSIGNED\", \"action\": \"view_projects\", \"projectId\": \"d69b9666-e218-4dc7-9319-93838ab825c5\"}',0,'2026-03-12 09:00:10'),('0fb576df-9cc1-40c7-b8c4-a7b5689359d1','fcf8accb-21b2-46f2-8f08-a31ab4cb026e','Payment Made','Advance payment of ₹20000 has been made for \"Testing last bug fix\"','{\"type\": \"PAYMENT_MADE\", \"action\": \"view_project\", \"projectId\": \"e05ab828-6eef-4c8d-afa3-30db421a6f5a\"}',0,'2026-03-13 08:31:24'),('1022a6e3-d828-4f1c-9e32-f5ad2a91b704','u3','Payment Made','Extra Charge payment of ₹5000.00 has been made for \"Testing last bug fix\"','{\"type\": \"PAYMENT_MADE\", \"action\": \"view_project\", \"projectId\": \"e05ab828-6eef-4c8d-afa3-30db421a6f5a\"}',0,'2026-03-13 08:31:30'),('1135a3f5-900b-4905-b31b-2ba6afa98f62','u1','Visit Rejected','Site Manoj rejected a visit for \"Testing last bug fix\". Reason: Final rejection to check notification','{\"type\": \"VISIT_REJECTED\", \"action\": \"view_projects\", \"projectId\": \"e05ab828-6eef-4c8d-afa3-30db421a6f5a\"}',0,'2026-03-13 08:22:43'),('1171d158-8997-49e4-9986-b8b401081afe','e6b7ad6e-4e96-473c-ab7c-36e5ee978bf0','Project Status Updated','\"Test Notification Project\" - Site visit has been completed','{\"type\": \"STATUS_CHANGE\", \"action\": \"view_project\", \"status\": \"VISIT_DONE\", \"projectId\": \"d69b9666-e218-4dc7-9319-93838ab825c5\"}',0,'2026-03-12 09:01:00'),('11d24a97-a6a8-4707-862c-6b07f94df164','u2','New Project Assigned','Project Manager has been assigned to \"Gghhthhh\"','{\"type\": \"PM_ASSIGNED\", \"action\": \"view_projects\", \"projectId\": \"ede78186-fb79-4b26-b4b2-0f98eb1f82a2\"}',0,'2026-03-12 11:32:35'),('122b5f31-c922-4563-a6ed-f376689babfb','e6b7ad6e-4e96-473c-ab7c-36e5ee978bf0','Project Status Updated','\"Test Notification Project\" - QUOTATION_GENERATED','{\"type\": \"STATUS_CHANGE\", \"action\": \"view_project\", \"status\": \"QUOTATION_GENERATED\", \"projectId\": \"d69b9666-e218-4dc7-9319-93838ab825c5\"}',0,'2026-03-12 09:02:14'),('122c7db9-9052-4f4c-9375-7f2319e0a45e','10fb3610-39ec-4004-badf-af023fdd9412','Project Status Updated','\"Testing last bug fix\" - CUSTOMER_APPROVED','{\"type\": \"STATUS_CHANGE\", \"action\": \"view_project\", \"status\": \"CUSTOMER_APPROVED\", \"projectId\": \"e05ab828-6eef-4c8d-afa3-30db421a6f5a\"}',0,'2026-03-13 08:31:11'),('132fbfd3-a131-4f9c-b593-35eeb4a9eba0','u2','Project Status Updated','\"Testing last bug fix\" - CUSTOMER_APPROVED','{\"type\": \"STATUS_CHANGE\", \"action\": \"view_project\", \"status\": \"CUSTOMER_APPROVED\", \"projectId\": \"e05ab828-6eef-4c8d-afa3-30db421a6f5a\"}',0,'2026-03-13 08:31:11'),('139b4746-31f9-4fbc-80cf-8343bd0188fb','u2','Payment Made','Advance payment of ₹20000 has been made for \"Testing last bug fix\"','{\"type\": \"PAYMENT_MADE\", \"action\": \"view_project\", \"projectId\": \"e05ab828-6eef-4c8d-afa3-30db421a6f5a\"}',0,'2026-03-13 08:31:24'),('143090d5-d5e6-4657-ae14-a0bd49565da2','u2','Visit Rejected','Site Manoj rejected a visit for \"Testing last bug fix\". Reason: En dm dm','{\"type\": \"VISIT_REJECTED\", \"action\": \"view_projects\", \"projectId\": \"e05ab828-6eef-4c8d-afa3-30db421a6f5a\"}',0,'2026-03-13 08:20:51'),('146f2bc4-6601-400b-b67c-695f163eb396','501da61c-3845-4dc3-bddc-c20287630658','Visit Rejected','Site Manoj rejected a visit for \"Testing last bug fix\". Reason: Ek dm dm','{\"type\": \"VISIT_REJECTED\", \"action\": \"view_projects\", \"projectId\": \"e05ab828-6eef-4c8d-afa3-30db421a6f5a\"}',0,'2026-03-13 08:17:48'),('14f0f789-0021-4496-bcee-7ab58fa93a46','u2','New Project Assigned','Project Manager has been assigned to \"Test Site Assignment Notification\"','{\"type\": \"PM_ASSIGNED\", \"action\": \"view_projects\", \"projectId\": \"eb2e62ce-383e-48de-98e1-26078111e248\"}',0,'2026-03-12 08:49:33'),('154df428-d70d-47a0-a578-899522afb42b','u1','New Project Assigned','Project Manager has been assigned to \"Gghhthhh\"','{\"type\": \"PM_ASSIGNED\", \"action\": \"view_projects\", \"projectId\": \"ede78186-fb79-4b26-b4b2-0f98eb1f82a2\"}',0,'2026-03-12 11:32:35'),('17a5408f-44b7-45bf-aa83-eaaf2b4621c1','8eb70f63-2401-4d83-98af-36a8e2b6c0a8','Site Visit Scheduled','Visit scheduled for \"Testing last bug fix\" on 2026-03-16 at 13:51:00','{\"type\": \"VISIT_SCHEDULED\", \"action\": \"view_project\", \"projectId\": \"e05ab828-6eef-4c8d-afa3-30db421a6f5a\"}',0,'2026-03-13 08:21:29'),('17b21673-efd8-4ba4-a49b-377a1591ce50','u3','Project Status Updated','\"Testing last bug fix\" - Work has started','{\"type\": \"STATUS_CHANGE\", \"action\": \"view_project\", \"status\": \"WORK_STARTED\", \"projectId\": \"e05ab828-6eef-4c8d-afa3-30db421a6f5a\"}',0,'2026-03-13 08:32:52'),('17d85771-5063-423e-b139-4a34ddd77b8f','u9','New Project Assigned','Project Manager has been assigned to \"Test Site Assignment Notification\"','{\"type\": \"PM_ASSIGNED\", \"action\": \"view_projects\", \"projectId\": \"8c83dbd5-824f-48a9-b9f1-908fd9b63145\"}',0,'2026-03-12 08:48:56'),('188bf23b-6fa0-4681-8ae5-5713c83829dd','82280bf4-651d-43d9-8022-43988252741c','New Project Assigned','Project Manager has been assigned to \"Test Site Assignment Notification\"','{\"type\": \"PM_ASSIGNED\", \"action\": \"view_projects\", \"projectId\": \"8c83dbd5-824f-48a9-b9f1-908fd9b63145\"}',0,'2026-03-12 08:48:56'),('19531b9e-76cc-4724-82f8-19f03c31dce5','8eb70f63-2401-4d83-98af-36a8e2b6c0a8','New Project Assigned','Project Manager has been assigned to \"Test Notification Fixed\"','{\"type\": \"PM_ASSIGNED\", \"action\": \"view_projects\", \"projectId\": \"99c7c4a9-94c1-43f3-8e01-1ba5d0fa6195\"}',0,'2026-03-12 08:38:49'),('1b0bd02c-e329-4474-b767-5d12d15d9ea4','fcf8accb-21b2-46f2-8f08-a31ab4cb026e','Site Visit Scheduled','Visit scheduled for \"Testing last bug fix\" on 2026-04-01 at 01:00:00','{\"type\": \"VISIT_SCHEDULED\", \"action\": \"view_project\", \"projectId\": \"e05ab828-6eef-4c8d-afa3-30db421a6f5a\"}',0,'2026-03-13 08:23:39'),('1d63da8e-af42-49ff-a40d-f3064a7e0036','10fb3610-39ec-4004-badf-af023fdd9412','Work Log Images Added','Site Manoj added 1 image to Floor 1 work log in \"Testing last bug fix\"','{\"type\": \"WORKLOG_IMAGES_ADDED\", \"action\": \"view_projects\", \"projectId\": \"e05ab828-6eef-4c8d-afa3-30db421a6f5a\"}',0,'2026-03-13 10:09:05'),('1d664650-2ae2-4ade-9cb3-1af3bd48238d','8eb70f63-2401-4d83-98af-36a8e2b6c0a8','Site Visit Scheduled','Visit scheduled for \"Testing last bug fix\" on 2026-04-01 at 01:00:00','{\"type\": \"VISIT_SCHEDULED\", \"action\": \"view_project\", \"projectId\": \"e05ab828-6eef-4c8d-afa3-30db421a6f5a\"}',0,'2026-03-13 08:23:39'),('1eb635e1-99f0-455f-979d-cdc693023a07','758104ad-8d77-4c8f-ad72-f66a992a4f8f','New Project Assigned','Project Manager has been assigned to \"Test Site Assignment Notification\"','{\"type\": \"PM_ASSIGNED\", \"action\": \"view_projects\", \"projectId\": \"eb2e62ce-383e-48de-98e1-26078111e248\"}',0,'2026-03-12 08:49:33'),('1f29f866-55a6-4259-bf9f-96c62f453063','u5','Site Incharge Assigned','Site Incharge has been assigned to \"Testing last bug fix\"','{\"type\": \"SITE_ASSIGNED\", \"action\": \"view_projects\", \"projectId\": \"e05ab828-6eef-4c8d-afa3-30db421a6f5a\"}',0,'2026-03-13 07:26:26'),('1f2c2165-6d07-4411-bf6f-aa227ac0844d','758104ad-8d77-4c8f-ad72-f66a992a4f8f','New Project Assigned','Project Manager has been assigned to \"Gghhthhh\"','{\"type\": \"PM_ASSIGNED\", \"action\": \"view_projects\", \"projectId\": \"ede78186-fb79-4b26-b4b2-0f98eb1f82a2\"}',0,'2026-03-12 11:32:35'),('1f4db800-2e7b-436e-a746-5c8369864d8a','e6b7ad6e-4e96-473c-ab7c-36e5ee978bf0','Visit Rejected','Site Manoj rejected a visit for \"Testing last bug fix\". Reason: Final rejection to check notification','{\"type\": \"VISIT_REJECTED\", \"action\": \"view_projects\", \"projectId\": \"e05ab828-6eef-4c8d-afa3-30db421a6f5a\"}',0,'2026-03-13 08:22:43'),('1f70ebeb-f203-45ab-8048-be5acfb617c3','fcf8accb-21b2-46f2-8f08-a31ab4cb026e','Project Status Updated','\"Testing last bug fix\" - Site visit has been completed','{\"type\": \"STATUS_CHANGE\", \"action\": \"view_project\", \"status\": \"VISIT_DONE\", \"projectId\": \"e05ab828-6eef-4c8d-afa3-30db421a6f5a\"}',0,'2026-03-13 08:23:54'),('204e3d30-522b-443b-b215-416c642d7068','e6b7ad6e-4e96-473c-ab7c-36e5ee978bf0','Project Status Updated','\"Testing last bug fix\" - QUOTATION_GENERATED','{\"type\": \"STATUS_CHANGE\", \"action\": \"view_project\", \"status\": \"QUOTATION_GENERATED\", \"projectId\": \"e05ab828-6eef-4c8d-afa3-30db421a6f5a\"}',0,'2026-03-13 08:28:26'),('2110cf1a-4895-4320-8132-a313ac31ac6b','u1','Site Visit Scheduled','Visit scheduled for \"Testing last bug fix\" on 2026-04-01 at 01:00:00','{\"type\": \"VISIT_SCHEDULED\", \"action\": \"view_project\", \"projectId\": \"e05ab828-6eef-4c8d-afa3-30db421a6f5a\"}',0,'2026-03-13 08:23:39'),('23784b96-7e99-4e76-ac54-67c49e9eb58c','u3','Site Visit Scheduled','Visit scheduled for \"Testing last bug fix\" on 2026-03-16 at 13:51:00','{\"type\": \"VISIT_SCHEDULED\", \"action\": \"view_project\", \"projectId\": \"e05ab828-6eef-4c8d-afa3-30db421a6f5a\"}',0,'2026-03-13 08:21:29'),('246866b5-e6f9-46e6-88b6-98d3491af86c','u1','Site Incharge Assigned','Site Incharge has been assigned to \"Testing last bug fix\"','{\"type\": \"SITE_ASSIGNED\", \"action\": \"view_projects\", \"projectId\": \"e05ab828-6eef-4c8d-afa3-30db421a6f5a\"}',0,'2026-03-13 07:26:26'),('24876b3e-37d0-4aa7-889b-8bbd1f452f38','758104ad-8d77-4c8f-ad72-f66a992a4f8f','New Project Assigned','Project Manager has been assigned to \"Test Site Assignment Notification\"','{\"type\": \"PM_ASSIGNED\", \"action\": \"view_projects\", \"projectId\": \"8c83dbd5-824f-48a9-b9f1-908fd9b63145\"}',0,'2026-03-12 08:48:56'),('2499474d-f22e-4faa-9210-cdeea83dcd54','u5','Site Visit Scheduled','Visit scheduled for \"Testing last bug fix\" on 2026-03-16 at 13:51:00','{\"type\": \"VISIT_SCHEDULED\", \"action\": \"view_project\", \"projectId\": \"e05ab828-6eef-4c8d-afa3-30db421a6f5a\"}',0,'2026-03-13 08:21:29'),('254a2db3-1288-444f-b349-15d981e21791','e6b7ad6e-4e96-473c-ab7c-36e5ee978bf0','New Project Assigned','Project Manager has been assigned to \"Test Site Assignment Notification\"','{\"type\": \"PM_ASSIGNED\", \"action\": \"view_projects\", \"projectId\": \"8c83dbd5-824f-48a9-b9f1-908fd9b63145\"}',0,'2026-03-12 08:48:56'),('27c07744-c4b5-4720-8ca7-256a24ccebef','8eb70f63-2401-4d83-98af-36a8e2b6c0a8','New Project Assigned','Project Manager has been assigned to \"Test Notification Project\"','{\"type\": \"PM_ASSIGNED\", \"action\": \"view_projects\", \"projectId\": \"d69b9666-e218-4dc7-9319-93838ab825c5\"}',0,'2026-03-12 08:59:18'),('28b927a6-1ddf-4bd6-a4e2-7dbd193ced73','u3','Visit Rejected','Site Manoj rejected a visit for \"Testing last bug fix\". Reason: Ek ek dm','{\"type\": \"VISIT_REJECTED\", \"action\": \"view_projects\", \"projectId\": \"e05ab828-6eef-4c8d-afa3-30db421a6f5a\"}',0,'2026-03-13 07:52:55'),('28d30406-bc90-4c0d-90f2-38dc8a013e46','8eb70f63-2401-4d83-98af-36a8e2b6c0a8','Site Visit Scheduled','Visit scheduled for \"Test Notification Project\" on 2024-12-15 at 10:00','{\"type\": \"VISIT_SCHEDULED\", \"action\": \"view_project\", \"projectId\": \"d69b9666-e218-4dc7-9319-93838ab825c5\"}',0,'2026-03-12 09:00:36'),('299c4554-1099-4f1e-ad53-61bd168e3583','e6b7ad6e-4e96-473c-ab7c-36e5ee978bf0','Project Status Updated','\"Testing last bug fix\" - Work has started','{\"type\": \"STATUS_CHANGE\", \"action\": \"view_project\", \"status\": \"WORK_STARTED\", \"projectId\": \"e05ab828-6eef-4c8d-afa3-30db421a6f5a\"}',0,'2026-03-13 08:32:52'),('29ca80f1-803c-490d-9c49-7d5634b9a639','u5','Site Incharge Assigned','Site Incharge has been assigned to \"Test Site Assignment Notification\"','{\"type\": \"SITE_ASSIGNED\", \"action\": \"view_projects\", \"projectId\": \"eb2e62ce-383e-48de-98e1-26078111e248\"}',0,'2026-03-12 08:49:33'),('2aa89350-4eba-4d80-b530-1ded890bd12c','u2','New Project Assigned','Project Manager has been assigned to \"Test Notification Project\"','{\"type\": \"PM_ASSIGNED\", \"action\": \"view_projects\", \"projectId\": \"d69b9666-e218-4dc7-9319-93838ab825c5\"}',0,'2026-03-12 08:59:18'),('2b84cb32-eeda-481e-a584-eb8689b29970','758104ad-8d77-4c8f-ad72-f66a992a4f8f','Visit Rejected','Site Manoj rejected a visit for \"Testing last bug fix\". Reason: En dm dm','{\"type\": \"VISIT_REJECTED\", \"action\": \"view_projects\", \"projectId\": \"e05ab828-6eef-4c8d-afa3-30db421a6f5a\"}',0,'2026-03-13 08:20:51'),('2c39f958-4b69-46e7-a931-6f72d6f27bc1','u5','New Project Assignment','You have been assigned as Site Incharge for \"Test Notification Fixed\"','{\"type\": \"SITE_ASSIGNED\", \"action\": \"view_projects\", \"projectId\": \"99c7c4a9-94c1-43f3-8e01-1ba5d0fa6195\"}',0,'2026-03-12 08:45:30'),('2ca1bc1b-9f10-4240-a3fe-16e2ee314c63','501da61c-3845-4dc3-bddc-c20287630658','Visit Rejected','Site Manoj rejected a visit for \"Testing last bug fix\". Reason: En dm dm','{\"type\": \"VISIT_REJECTED\", \"action\": \"view_projects\", \"projectId\": \"e05ab828-6eef-4c8d-afa3-30db421a6f5a\"}',0,'2026-03-13 08:20:51'),('2d88a4a5-d07a-403a-948c-dc36bc379935','758104ad-8d77-4c8f-ad72-f66a992a4f8f','Finance Manager Assigned','Finance Manager has been assigned to \"Testing last bug fix\"','{\"type\": \"FINANCE_ASSIGNED\", \"action\": \"view_projects\", \"projectId\": \"2de2c025-256b-4421-a522-463af92c87d0\"}',0,'2026-03-13 06:40:13'),('2f850f1f-484c-4432-af58-092cf2ec1360','u1','Site Visit Scheduled','Visit scheduled for \"Testing last bug fix\" on 2026-03-16 at 13:51:00','{\"type\": \"VISIT_SCHEDULED\", \"action\": \"view_project\", \"projectId\": \"e05ab828-6eef-4c8d-afa3-30db421a6f5a\"}',0,'2026-03-13 08:21:29'),('2ff77f9f-41b7-4f85-9e23-49887015a313','501da61c-3845-4dc3-bddc-c20287630658','Site Plan Uploaded','Main Admin uploaded a site plan for \"Testing last bug fix\"','{\"type\": \"SITE_PLAN_UPLOADED\", \"action\": \"view_site_plans\", \"projectId\": \"e05ab828-6eef-4c8d-afa3-30db421a6f5a\"}',0,'2026-03-13 07:25:15'),('302018d7-5691-4c83-962f-4aaae524de46','u2','Payment Verified','Extra Charge payment for \"Testing last bug fix\" has been verified','{\"type\": \"PAYMENT_VERIFIED\", \"action\": \"view_project\", \"projectId\": \"e05ab828-6eef-4c8d-afa3-30db421a6f5a\"}',0,'2026-03-13 08:31:55'),('30f3fafd-ed94-4faa-a859-29fe385ce2ce','u7','Work Log Images Added','Site Manoj added 1 image to Floor 1 work log in \"Testing last bug fix\"','{\"type\": \"WORKLOG_IMAGES_ADDED\", \"action\": \"view_projects\", \"projectId\": \"e05ab828-6eef-4c8d-afa3-30db421a6f5a\"}',0,'2026-03-13 09:10:48'),('317366c2-19a5-45c0-b406-b03d1a776353','u3','Site Visit Scheduled','Visit scheduled for \"Test Notification Project\" on 2024-12-15 at 10:00','{\"type\": \"VISIT_SCHEDULED\", \"action\": \"view_project\", \"projectId\": \"d69b9666-e218-4dc7-9319-93838ab825c5\"}',0,'2026-03-12 09:00:36'),('321d3f11-f97a-43f2-83fc-4561975d199a','u7','Finance Manager Assigned','Finance Manager has been assigned to \"Testing last bug fix\"','{\"type\": \"FINANCE_ASSIGNED\", \"action\": \"view_projects\", \"projectId\": \"2de2c025-256b-4421-a522-463af92c87d0\"}',0,'2026-03-13 06:40:13'),('32deeff9-fc85-4cbe-a12e-811c8c486fde','e6b7ad6e-4e96-473c-ab7c-36e5ee978bf0','New Project Assigned','Project Manager has been assigned to \"Testing last bug fix\"','{\"type\": \"PM_ASSIGNED\", \"action\": \"view_projects\", \"projectId\": \"e05ab828-6eef-4c8d-afa3-30db421a6f5a\"}',0,'2026-03-13 06:33:16'),('334404fc-1d58-40a1-8f7b-71fb5eb0142d','fcf8accb-21b2-46f2-8f08-a31ab4cb026e','Site Visit Scheduled','Visit scheduled for \"Testing last bug fix\" on 2026-03-15 at 13:18:00','{\"type\": \"VISIT_SCHEDULED\", \"action\": \"view_project\", \"projectId\": \"e05ab828-6eef-4c8d-afa3-30db421a6f5a\"}',0,'2026-03-13 07:49:05'),('33d9f08d-45e8-45ac-83d5-b88144f37009','u1','Payment Verified','Extra Charge payment for \"Testing last bug fix\" has been verified','{\"type\": \"PAYMENT_VERIFIED\", \"action\": \"view_project\", \"projectId\": \"e05ab828-6eef-4c8d-afa3-30db421a6f5a\"}',0,'2026-03-13 08:31:55'),('347cb866-d368-447d-925a-4689f34d68bf','fcf8accb-21b2-46f2-8f08-a31ab4cb026e','Payment Verified','Extra Charge payment for \"Testing last bug fix\" has been verified','{\"type\": \"PAYMENT_VERIFIED\", \"action\": \"view_project\", \"projectId\": \"e05ab828-6eef-4c8d-afa3-30db421a6f5a\"}',0,'2026-03-13 08:31:55'),('36a84c1f-273c-46ea-9d98-e955cb0fb40f','u2','Report Submitted','Site report has been submitted for \"Testing last bug fix\"','{\"type\": \"REPORT_SUBMITTED\", \"action\": \"view_reports\", \"projectId\": \"e05ab828-6eef-4c8d-afa3-30db421a6f5a\"}',0,'2026-03-13 08:25:16'),('36b1464d-76f2-4eb4-b01c-5db10dae9b29','501da61c-3845-4dc3-bddc-c20287630658','Report Submitted','Site report has been submitted for \"Testing last bug fix\"','{\"type\": \"REPORT_SUBMITTED\", \"action\": \"view_reports\", \"projectId\": \"e05ab828-6eef-4c8d-afa3-30db421a6f5a\"}',0,'2026-03-13 08:25:16'),('36c69bdd-e5b1-4691-b359-7ec7c525545a','8eb70f63-2401-4d83-98af-36a8e2b6c0a8','Finance Manager Assigned','Finance Manager has been assigned to \"Testing last bug fix\"','{\"type\": \"FINANCE_ASSIGNED\", \"action\": \"view_projects\", \"projectId\": \"2de2c025-256b-4421-a522-463af92c87d0\"}',0,'2026-03-13 06:40:13'),('370630ac-10f9-4263-b8fa-6e5a72bec3b1','10fb3610-39ec-4004-badf-af023fdd9412','Project Status Updated','\"Testing last bug fix\" - Work has started','{\"type\": \"STATUS_CHANGE\", \"action\": \"view_project\", \"status\": \"WORK_STARTED\", \"projectId\": \"e05ab828-6eef-4c8d-afa3-30db421a6f5a\"}',0,'2026-03-13 08:32:52'),('378cd6f0-87ce-452a-b380-df76c5f70908','501da61c-3845-4dc3-bddc-c20287630658','Site Visit Scheduled','Visit scheduled for \"Testing last bug fix\" on 2026-03-16 at 13:51:00','{\"type\": \"VISIT_SCHEDULED\", \"action\": \"view_project\", \"projectId\": \"e05ab828-6eef-4c8d-afa3-30db421a6f5a\"}',0,'2026-03-13 08:21:29'),('39052a31-735e-48f9-97b5-6d3efe361ccc','758104ad-8d77-4c8f-ad72-f66a992a4f8f','Payment Made','Advance payment of ₹20000 has been made for \"Testing last bug fix\"','{\"type\": \"PAYMENT_MADE\", \"action\": \"view_project\", \"projectId\": \"e05ab828-6eef-4c8d-afa3-30db421a6f5a\"}',0,'2026-03-13 08:31:24'),('3a955169-9f32-45ea-962d-25a940d0de0a','758104ad-8d77-4c8f-ad72-f66a992a4f8f','Report Submitted','Site report has been submitted for \"Test Notification Project\"','{\"type\": \"REPORT_SUBMITTED\", \"action\": \"view_reports\", \"projectId\": \"d69b9666-e218-4dc7-9319-93838ab825c5\"}',0,'2026-03-12 09:01:19'),('3ad86a29-14fc-40b5-92aa-36dc042eb185','8eb70f63-2401-4d83-98af-36a8e2b6c0a8','Project Status Updated','\"Test Notification Project\" - CUSTOMER_APPROVED','{\"type\": \"STATUS_CHANGE\", \"action\": \"view_project\", \"status\": \"CUSTOMER_APPROVED\", \"projectId\": \"d69b9666-e218-4dc7-9319-93838ab825c5\"}',0,'2026-03-12 09:05:54'),('3baaf9c0-fd82-4072-82dc-19f9b22caa6a','e6b7ad6e-4e96-473c-ab7c-36e5ee978bf0','Payment Made','Advance payment of ₹20000 has been made for \"Testing last bug fix\"','{\"type\": \"PAYMENT_MADE\", \"action\": \"view_project\", \"projectId\": \"e05ab828-6eef-4c8d-afa3-30db421a6f5a\"}',0,'2026-03-13 08:31:24'),('3d22a906-cde1-412d-927a-f5670c6417d2','e6b7ad6e-4e96-473c-ab7c-36e5ee978bf0','Site Visit Scheduled','Visit scheduled for \"Test Notification Fixed\" on 2026-03-12 at 14:16:00','{\"type\": \"VISIT_SCHEDULED\", \"action\": \"view_project\", \"projectId\": \"99c7c4a9-94c1-43f3-8e01-1ba5d0fa6195\"}',0,'2026-03-12 08:46:18'),('3dd6c257-08cd-4e39-bc5b-acca49dbdcc4','u3','Site Plan Uploaded','Main Admin uploaded a site plan for \"Testing last bug fix\"','{\"type\": \"SITE_PLAN_UPLOADED\", \"action\": \"view_site_plans\", \"projectId\": \"e05ab828-6eef-4c8d-afa3-30db421a6f5a\"}',0,'2026-03-13 07:25:15'),('3f005974-80f5-4cf8-8b72-f7b088ac715d','e6b7ad6e-4e96-473c-ab7c-36e5ee978bf0','Work Log Images Added','Site Manoj added 1 image to Floor 1 work log in \"Testing last bug fix\"','{\"type\": \"WORKLOG_IMAGES_ADDED\", \"action\": \"view_projects\", \"projectId\": \"e05ab828-6eef-4c8d-afa3-30db421a6f5a\"}',0,'2026-03-13 10:09:05'),('3f27eef7-3a09-4857-ad3e-873efca6d2ed','10fb3610-39ec-4004-badf-af023fdd9412','Visit Rejected','Site Manoj rejected a visit for \"Testing last bug fix\". Reason: Ek dm dm','{\"type\": \"VISIT_REJECTED\", \"action\": \"view_projects\", \"projectId\": \"e05ab828-6eef-4c8d-afa3-30db421a6f5a\"}',0,'2026-03-13 08:17:48'),('407c4747-42c8-4c17-bf9e-738f4bd1b426','e6b7ad6e-4e96-473c-ab7c-36e5ee978bf0','Site Visit Scheduled','Visit scheduled for \"Testing last bug fix\" on 2026-03-15 at 13:18:00','{\"type\": \"VISIT_SCHEDULED\", \"action\": \"view_project\", \"projectId\": \"e05ab828-6eef-4c8d-afa3-30db421a6f5a\"}',0,'2026-03-13 07:49:05'),('40c318a6-f8fc-4ac4-b66e-b11c53a4933b','82280bf4-651d-43d9-8022-43988252741c','Site Incharge Assigned','Site Incharge has been assigned to \"Test Notification Project\"','{\"type\": \"SITE_ASSIGNED\", \"action\": \"view_projects\", \"projectId\": \"d69b9666-e218-4dc7-9319-93838ab825c5\"}',0,'2026-03-12 09:00:10'),('4123b65a-fd33-495f-9d6e-fd9cc7ece413','8eb70f63-2401-4d83-98af-36a8e2b6c0a8','Project Status Updated','\"Testing last bug fix\" - CUSTOMER_APPROVED','{\"type\": \"STATUS_CHANGE\", \"action\": \"view_project\", \"status\": \"CUSTOMER_APPROVED\", \"projectId\": \"e05ab828-6eef-4c8d-afa3-30db421a6f5a\"}',0,'2026-03-13 08:31:11'),('41fadf80-514f-4bcc-ae59-46ad674c1a8c','u2','Site Visit Scheduled','Visit scheduled for \"Test Notification Fixed\" on 2026-03-12 at 14:20:00','{\"type\": \"VISIT_SCHEDULED\", \"action\": \"view_project\", \"projectId\": \"99c7c4a9-94c1-43f3-8e01-1ba5d0fa6195\"}',0,'2026-03-12 08:51:35'),('422dfd80-66e5-4406-809d-e11aa1dfb691','10fb3610-39ec-4004-badf-af023fdd9412','Payment Verified','Extra Charge payment for \"Testing last bug fix\" has been verified','{\"type\": \"PAYMENT_VERIFIED\", \"action\": \"view_project\", \"projectId\": \"e05ab828-6eef-4c8d-afa3-30db421a6f5a\"}',0,'2026-03-13 08:31:55'),('42626862-5029-4957-8d68-120e7c665324','fcf8accb-21b2-46f2-8f08-a31ab4cb026e','Project Status Updated','\"Testing last bug fix\" - QUOTATION_GENERATED','{\"type\": \"STATUS_CHANGE\", \"action\": \"view_project\", \"status\": \"QUOTATION_GENERATED\", \"projectId\": \"e05ab828-6eef-4c8d-afa3-30db421a6f5a\"}',0,'2026-03-13 08:28:26'),('432f3ba4-198a-4096-9641-a33a38011e34','8eb70f63-2401-4d83-98af-36a8e2b6c0a8','Project Status Updated','\"Test Notification Project\" - QUOTATION_GENERATED','{\"type\": \"STATUS_CHANGE\", \"action\": \"view_project\", \"status\": \"QUOTATION_GENERATED\", \"projectId\": \"d69b9666-e218-4dc7-9319-93838ab825c5\"}',0,'2026-03-12 09:02:14'),('443ddc2d-4c89-48b5-9f10-ec5b964c2c95','758104ad-8d77-4c8f-ad72-f66a992a4f8f','Payment Verified','Extra Charge payment for \"Testing last bug fix\" has been verified','{\"type\": \"PAYMENT_VERIFIED\", \"action\": \"view_project\", \"projectId\": \"e05ab828-6eef-4c8d-afa3-30db421a6f5a\"}',0,'2026-03-13 08:31:55'),('44fc714b-14ee-42e8-8147-aa1a38d0554a','u2','Project Status Updated','\"Test Notification Project\" - Site visit has been completed','{\"type\": \"STATUS_CHANGE\", \"action\": \"view_project\", \"status\": \"VISIT_DONE\", \"projectId\": \"d69b9666-e218-4dc7-9319-93838ab825c5\"}',0,'2026-03-12 09:01:00'),('45be85fc-564d-409b-99ec-4cada28239fe','8eb70f63-2401-4d83-98af-36a8e2b6c0a8','Project Status Updated','\"Testing last bug fix\" - QUOTATION_GENERATED','{\"type\": \"STATUS_CHANGE\", \"action\": \"view_project\", \"status\": \"QUOTATION_GENERATED\", \"projectId\": \"e05ab828-6eef-4c8d-afa3-30db421a6f5a\"}',0,'2026-03-13 08:28:26'),('46425365-c95d-4d0a-ac2c-8bdbc1b04a31','u2','Project Status Updated','\"Testing last bug fix\" - QUOTATION_GENERATED','{\"type\": \"STATUS_CHANGE\", \"action\": \"view_project\", \"status\": \"QUOTATION_GENERATED\", \"projectId\": \"e05ab828-6eef-4c8d-afa3-30db421a6f5a\"}',0,'2026-03-13 08:28:26'),('4645695e-39ef-458f-b46c-14a42039d65c','u3','Report Submitted','Site report has been submitted for \"Test Notification Project\"','{\"type\": \"REPORT_SUBMITTED\", \"action\": \"view_reports\", \"projectId\": \"d69b9666-e218-4dc7-9319-93838ab825c5\"}',0,'2026-03-12 09:01:19'),('46531908-0630-4fd3-9b92-16fd472226ce','u3','Visit Rejected','Site Manoj rejected a visit for \"Testing last bug fix\". Reason: Final rejection to check notification','{\"type\": \"VISIT_REJECTED\", \"action\": \"view_projects\", \"projectId\": \"e05ab828-6eef-4c8d-afa3-30db421a6f5a\"}',0,'2026-03-13 08:22:43'),('467c1bcd-48e5-48ca-bacf-88ef4cb07a65','758104ad-8d77-4c8f-ad72-f66a992a4f8f','Work Log Images Added','Site Manoj added 1 image to Floor 1 work log in \"Testing last bug fix\"','{\"type\": \"WORKLOG_IMAGES_ADDED\", \"action\": \"view_projects\", \"projectId\": \"e05ab828-6eef-4c8d-afa3-30db421a6f5a\"}',0,'2026-03-13 09:19:18'),('48fd923a-ee30-4f7b-8982-15387abf55fc','u7','Visit Rejected','Site Manoj rejected a visit for \"Testing last bug fix\". Reason: Ek ek dm','{\"type\": \"VISIT_REJECTED\", \"action\": \"view_projects\", \"projectId\": \"e05ab828-6eef-4c8d-afa3-30db421a6f5a\"}',0,'2026-03-13 07:52:55'),('4b1313c5-48e9-46f8-bf5f-46f7e50ec85b','fcf8accb-21b2-46f2-8f08-a31ab4cb026e','Work Log Images Added','Site Manoj added 1 image to Floor 1 work log in \"Testing last bug fix\"','{\"type\": \"WORKLOG_IMAGES_ADDED\", \"action\": \"view_projects\", \"projectId\": \"e05ab828-6eef-4c8d-afa3-30db421a6f5a\"}',0,'2026-03-13 09:19:18'),('4be9d825-1f1a-4abd-b9f5-071cf090c7d1','fcf8accb-21b2-46f2-8f08-a31ab4cb026e','Site Plan Uploaded','Main Admin uploaded a site plan for \"Testing last bug fix\"','{\"type\": \"SITE_PLAN_UPLOADED\", \"action\": \"view_site_plans\", \"projectId\": \"e05ab828-6eef-4c8d-afa3-30db421a6f5a\"}',0,'2026-03-13 07:25:15'),('4d362812-9282-4ada-ad10-9d56e9f0656a','501da61c-3845-4dc3-bddc-c20287630658','Site Visit Scheduled','Visit scheduled for \"Testing last bug fix\" on 2026-04-01 at 01:00:00','{\"type\": \"VISIT_SCHEDULED\", \"action\": \"view_project\", \"projectId\": \"e05ab828-6eef-4c8d-afa3-30db421a6f5a\"}',0,'2026-03-13 08:23:39'),('4d7a9193-29a8-4e11-a4b2-1a7b1508e54e','10fb3610-39ec-4004-badf-af023fdd9412','Visit Rejected','Site Manoj rejected a visit for \"Testing last bug fix\". Reason: En dm dm','{\"type\": \"VISIT_REJECTED\", \"action\": \"view_projects\", \"projectId\": \"e05ab828-6eef-4c8d-afa3-30db421a6f5a\"}',0,'2026-03-13 08:20:51'),('4e76361c-ae00-400c-92d0-4431a76692ea','u3','New Project Assigned','Project Manager has been assigned to \"Gghhthhh\"','{\"type\": \"PM_ASSIGNED\", \"action\": \"view_projects\", \"projectId\": \"ede78186-fb79-4b26-b4b2-0f98eb1f82a2\"}',0,'2026-03-12 11:32:35'),('4eb0fc28-2db5-40f6-89d7-574319097d63','758104ad-8d77-4c8f-ad72-f66a992a4f8f','Payment Made','Extra Charge payment of ₹5000.00 has been made for \"Testing last bug fix\"','{\"type\": \"PAYMENT_MADE\", \"action\": \"view_project\", \"projectId\": \"e05ab828-6eef-4c8d-afa3-30db421a6f5a\"}',0,'2026-03-13 08:31:30'),('4fbfec5f-a77c-4812-8fd4-1a54fbee2da0','u7','Visit Rejected','Site Manoj rejected a visit for \"Testing last bug fix\". Reason: En dm dm','{\"type\": \"VISIT_REJECTED\", \"action\": \"view_projects\", \"projectId\": \"e05ab828-6eef-4c8d-afa3-30db421a6f5a\"}',0,'2026-03-13 08:20:51'),('50d2b36c-aff7-4e06-9c6b-78d17bc55ad3','758104ad-8d77-4c8f-ad72-f66a992a4f8f','Site Incharge Assigned','Site Incharge has been assigned to \"Test Site Assignment Notification\"','{\"type\": \"SITE_ASSIGNED\", \"action\": \"view_projects\", \"projectId\": \"eb2e62ce-383e-48de-98e1-26078111e248\"}',0,'2026-03-12 08:49:33'),('51da29b5-e4fc-49d8-87e3-9af31b83bfba','u1','Site Visit Scheduled','Visit scheduled for \"Test Notification Project\" on 2024-12-15 at 10:00','{\"type\": \"VISIT_SCHEDULED\", \"action\": \"view_project\", \"projectId\": \"d69b9666-e218-4dc7-9319-93838ab825c5\"}',0,'2026-03-12 09:00:36'),('522ebf11-00fc-4f11-b3b1-8d4d55dd9a60','u7','Work Log Images Added','Site Manoj added 1 image to Floor 1 work log in \"Testing last bug fix\"','{\"type\": \"WORKLOG_IMAGES_ADDED\", \"action\": \"view_projects\", \"projectId\": \"e05ab828-6eef-4c8d-afa3-30db421a6f5a\"}',0,'2026-03-13 10:09:05'),('529e8aa4-00b3-4f0e-b9f4-039bcef1696f','u2','Visit Rejected','Site Manoj rejected a visit for \"Testing last bug fix\". Reason: Ek ek dm','{\"type\": \"VISIT_REJECTED\", \"action\": \"view_projects\", \"projectId\": \"e05ab828-6eef-4c8d-afa3-30db421a6f5a\"}',0,'2026-03-13 07:52:55'),('536fd0fc-1594-4758-a5bb-726a0b1a8911','8eb70f63-2401-4d83-98af-36a8e2b6c0a8','Visit Rejected','Site Manoj rejected a visit for \"Testing last bug fix\". Reason: Ek ek dm','{\"type\": \"VISIT_REJECTED\", \"action\": \"view_projects\", \"projectId\": \"e05ab828-6eef-4c8d-afa3-30db421a6f5a\"}',0,'2026-03-13 07:52:55'),('549d742d-9a58-4153-bda4-850d8fbdb921','u2','Site Visit Scheduled','Visit scheduled for \"Test Notification Fixed\" on 2026-03-12 at 14:16:00','{\"type\": \"VISIT_SCHEDULED\", \"action\": \"view_project\", \"projectId\": \"99c7c4a9-94c1-43f3-8e01-1ba5d0fa6195\"}',0,'2026-03-12 08:46:18'),('550426fa-66e5-4b74-b6c8-e1455e916d06','82280bf4-651d-43d9-8022-43988252741c','Site Incharge Assigned','Site Incharge has been assigned to \"Test Site Assignment Notification\"','{\"type\": \"SITE_ASSIGNED\", \"action\": \"view_projects\", \"projectId\": \"eb2e62ce-383e-48de-98e1-26078111e248\"}',0,'2026-03-12 08:49:33'),('551ab190-94d1-47f8-add7-a7cefff75d7e','u3','Site Visit Scheduled','Visit scheduled for \"Test Notification Fixed\" on 2026-03-12 at 14:16:00','{\"type\": \"VISIT_SCHEDULED\", \"action\": \"view_project\", \"projectId\": \"99c7c4a9-94c1-43f3-8e01-1ba5d0fa6195\"}',0,'2026-03-12 08:46:18'),('551b2578-1064-4473-8f1d-6eb0b9dd406b','u2','Report Submitted','Site report has been submitted for \"Test Notification Project\"','{\"type\": \"REPORT_SUBMITTED\", \"action\": \"view_reports\", \"projectId\": \"d69b9666-e218-4dc7-9319-93838ab825c5\"}',0,'2026-03-12 09:01:19'),('552f7f0f-5cc2-40e3-ab74-c52661c4ba07','fcf8accb-21b2-46f2-8f08-a31ab4cb026e','Finance Manager Assigned','Finance Manager has been assigned to \"Testing last bug fix\"','{\"type\": \"FINANCE_ASSIGNED\", \"action\": \"view_projects\", \"projectId\": \"2de2c025-256b-4421-a522-463af92c87d0\"}',0,'2026-03-13 06:40:13'),('56011453-002b-4558-bfe9-7a13f91ca762','10fb3610-39ec-4004-badf-af023fdd9412','Visit Rejected','Site Manoj rejected a visit for \"Testing last bug fix\". Reason: Ek ek dm','{\"type\": \"VISIT_REJECTED\", \"action\": \"view_projects\", \"projectId\": \"e05ab828-6eef-4c8d-afa3-30db421a6f5a\"}',0,'2026-03-13 07:52:55'),('5683ee2d-c94d-4efd-ac2f-6f32ecbd0d61','82280bf4-651d-43d9-8022-43988252741c','New Project Assigned','Project Manager has been assigned to \"Test Site Assignment Notification\"','{\"type\": \"PM_ASSIGNED\", \"action\": \"view_projects\", \"projectId\": \"eb2e62ce-383e-48de-98e1-26078111e248\"}',0,'2026-03-12 08:49:33'),('575dd4ef-46f0-45ed-94d5-0bd31614c8af','501da61c-3845-4dc3-bddc-c20287630658','New Project Assigned','Project Manager has been assigned to \"Testing last bug fix\"','{\"type\": \"PM_ASSIGNED\", \"action\": \"view_projects\", \"projectId\": \"e05ab828-6eef-4c8d-afa3-30db421a6f5a\"}',0,'2026-03-13 06:33:16'),('5841acea-053a-4a79-8453-c8b03fb5ef9f','8eb70f63-2401-4d83-98af-36a8e2b6c0a8','Site Incharge Assigned','Site Incharge has been assigned to \"Test Notification Project\"','{\"type\": \"SITE_ASSIGNED\", \"action\": \"view_projects\", \"projectId\": \"d69b9666-e218-4dc7-9319-93838ab825c5\"}',0,'2026-03-12 09:00:10'),('5934b4f0-ac6f-42d5-94d9-3afcfe3be058','e6b7ad6e-4e96-473c-ab7c-36e5ee978bf0','Payment Made','Extra Charge payment of ₹5000.00 has been made for \"Testing last bug fix\"','{\"type\": \"PAYMENT_MADE\", \"action\": \"view_project\", \"projectId\": \"e05ab828-6eef-4c8d-afa3-30db421a6f5a\"}',0,'2026-03-13 08:31:30'),('59bd126a-b85f-462a-920b-944d715a0049','u2','Site Visit Scheduled','Visit scheduled for \"Testing last bug fix\" on 2026-03-15 at 13:18:00','{\"type\": \"VISIT_SCHEDULED\", \"action\": \"view_project\", \"projectId\": \"e05ab828-6eef-4c8d-afa3-30db421a6f5a\"}',0,'2026-03-13 07:49:05'),('5a2d8d91-cd85-4420-a2a7-f05bd22869f8','u2','Site Incharge Assigned','Site Incharge has been assigned to \"Testing last bug fix\"','{\"type\": \"SITE_ASSIGNED\", \"action\": \"view_projects\", \"projectId\": \"e05ab828-6eef-4c8d-afa3-30db421a6f5a\"}',0,'2026-03-13 07:26:26'),('5b0d6520-27bc-4c54-8c6f-c7d1b6c4a6dd','758104ad-8d77-4c8f-ad72-f66a992a4f8f','Site Visit Scheduled','Visit scheduled for \"Test Notification Fixed\" on 2026-03-12 at 14:20:00','{\"type\": \"VISIT_SCHEDULED\", \"action\": \"view_project\", \"projectId\": \"99c7c4a9-94c1-43f3-8e01-1ba5d0fa6195\"}',0,'2026-03-12 08:51:35'),('5b8c59e5-e806-46e4-870e-39a05745b172','758104ad-8d77-4c8f-ad72-f66a992a4f8f','Visit Rejected','Site Manoj rejected a visit for \"Testing last bug fix\". Reason: Final rejection to check notification','{\"type\": \"VISIT_REJECTED\", \"action\": \"view_projects\", \"projectId\": \"e05ab828-6eef-4c8d-afa3-30db421a6f5a\"}',0,'2026-03-13 08:22:43'),('5bb593bf-efb2-480f-94d5-9d351917ccdd','8eb70f63-2401-4d83-98af-36a8e2b6c0a8','Payment Made','Advance payment of ₹20000 has been made for \"Testing last bug fix\"','{\"type\": \"PAYMENT_MADE\", \"action\": \"view_project\", \"projectId\": \"e05ab828-6eef-4c8d-afa3-30db421a6f5a\"}',0,'2026-03-13 08:31:24'),('5c2b0e09-099e-41d7-8b52-7fbcea0c6a69','758104ad-8d77-4c8f-ad72-f66a992a4f8f','Site Visit Scheduled','Visit scheduled for \"Testing last bug fix\" on 2026-03-16 at 13:51:00','{\"type\": \"VISIT_SCHEDULED\", \"action\": \"view_project\", \"projectId\": \"e05ab828-6eef-4c8d-afa3-30db421a6f5a\"}',0,'2026-03-13 08:21:29'),('5c474e83-623d-448b-8e63-1f16a831d8c1','10fb3610-39ec-4004-badf-af023fdd9412','Site Visit Scheduled','Visit scheduled for \"Testing last bug fix\" on 2026-04-01 at 01:00:00','{\"type\": \"VISIT_SCHEDULED\", \"action\": \"view_project\", \"projectId\": \"e05ab828-6eef-4c8d-afa3-30db421a6f5a\"}',0,'2026-03-13 08:23:39'),('5e1c1a29-a94e-46aa-895e-7e7150e7b1f6','fcf8accb-21b2-46f2-8f08-a31ab4cb026e','Work Log Images Added','Site Manoj added 1 image to Floor 1 work log in \"Testing last bug fix\"','{\"type\": \"WORKLOG_IMAGES_ADDED\", \"action\": \"view_projects\", \"projectId\": \"e05ab828-6eef-4c8d-afa3-30db421a6f5a\"}',0,'2026-03-13 10:09:05'),('5e592375-4266-4512-abab-7da278020ac6','fcf8accb-21b2-46f2-8f08-a31ab4cb026e','Payment Verified','Advance payment for \"Testing last bug fix\" has been verified','{\"type\": \"PAYMENT_VERIFIED\", \"action\": \"view_project\", \"projectId\": \"e05ab828-6eef-4c8d-afa3-30db421a6f5a\"}',0,'2026-03-13 08:32:01'),('5ec47838-5436-437f-99b2-7e1d2c15be54','758104ad-8d77-4c8f-ad72-f66a992a4f8f','Payment Verified','Advance payment for \"Testing last bug fix\" has been verified','{\"type\": \"PAYMENT_VERIFIED\", \"action\": \"view_project\", \"projectId\": \"e05ab828-6eef-4c8d-afa3-30db421a6f5a\"}',0,'2026-03-13 08:32:01'),('5f904e53-7d8d-46f1-9688-793cc309403f','u9','Site Visit Scheduled','Visit scheduled for \"Test Notification Project\" on 2024-12-15 at 10:00','{\"type\": \"VISIT_SCHEDULED\", \"action\": \"view_project\", \"projectId\": \"d69b9666-e218-4dc7-9319-93838ab825c5\"}',0,'2026-03-12 09:00:36'),('5fab2155-38f6-49c9-9f6b-df1fd1c985a0','758104ad-8d77-4c8f-ad72-f66a992a4f8f','Work Log Images Added','Site Manoj added 1 image to Floor 1 work log in \"Testing last bug fix\"','{\"type\": \"WORKLOG_IMAGES_ADDED\", \"action\": \"view_projects\", \"projectId\": \"e05ab828-6eef-4c8d-afa3-30db421a6f5a\"}',0,'2026-03-13 10:09:05'),('61c9f8f8-5407-4217-9638-71b5aac8a791','8eb70f63-2401-4d83-98af-36a8e2b6c0a8','Report Submitted','Site report has been submitted for \"Testing last bug fix\"','{\"type\": \"REPORT_SUBMITTED\", \"action\": \"view_reports\", \"projectId\": \"e05ab828-6eef-4c8d-afa3-30db421a6f5a\"}',0,'2026-03-13 08:25:16'),('629e7963-466d-4f48-afeb-e2e41c5415bd','u9','Site Visit Scheduled','Visit scheduled for \"Test Notification Fixed\" on 2026-03-12 at 14:16:00','{\"type\": \"VISIT_SCHEDULED\", \"action\": \"view_project\", \"projectId\": \"99c7c4a9-94c1-43f3-8e01-1ba5d0fa6195\"}',0,'2026-03-12 08:46:18'),('62bcafb2-e100-43ba-b21b-58176cf01edc','u3','Site Visit Scheduled','Visit scheduled for \"Testing last bug fix\" on 2026-04-01 at 01:00:00','{\"type\": \"VISIT_SCHEDULED\", \"action\": \"view_project\", \"projectId\": \"e05ab828-6eef-4c8d-afa3-30db421a6f5a\"}',0,'2026-03-13 08:23:39'),('6392d2ae-4be8-4a7f-9a86-5a408efc4c3b','u2','Site Incharge Assigned','Site Incharge has been assigned to \"Test Notification Project\"','{\"type\": \"SITE_ASSIGNED\", \"action\": \"view_projects\", \"projectId\": \"d69b9666-e218-4dc7-9319-93838ab825c5\"}',0,'2026-03-12 09:00:10'),('6436cdb7-ac6b-4433-8326-2884032f8b77','e6b7ad6e-4e96-473c-ab7c-36e5ee978bf0','Site Visit Scheduled','Visit scheduled for \"Testing last bug fix\" on 2026-04-01 at 01:00:00','{\"type\": \"VISIT_SCHEDULED\", \"action\": \"view_project\", \"projectId\": \"e05ab828-6eef-4c8d-afa3-30db421a6f5a\"}',0,'2026-03-13 08:23:39'),('645b5b3f-8636-492a-b142-9b87894c400b','u3','New Project Assigned','Project Manager has been assigned to \"Test Site Assignment Notification\"','{\"type\": \"PM_ASSIGNED\", \"action\": \"view_projects\", \"projectId\": \"eb2e62ce-383e-48de-98e1-26078111e248\"}',0,'2026-03-12 08:49:33'),('64b34ba3-f9ce-4846-9765-c0e69fd6611b','u1','Report Submitted','Site report has been submitted for \"Test Notification Project\"','{\"type\": \"REPORT_SUBMITTED\", \"action\": \"view_reports\", \"projectId\": \"d69b9666-e218-4dc7-9319-93838ab825c5\"}',0,'2026-03-12 09:01:19'),('65e50c37-bbfe-4994-925b-c45cb7f03012','u9','Site Visit Scheduled','Visit scheduled for \"Test Notification Fixed\" on 2026-03-12 at 14:20:00','{\"type\": \"VISIT_SCHEDULED\", \"action\": \"view_project\", \"projectId\": \"99c7c4a9-94c1-43f3-8e01-1ba5d0fa6195\"}',0,'2026-03-12 08:51:35'),('66e6dacd-2153-46af-aac7-eb60e48b64cf','u9','New Project Assigned','Project Manager has been assigned to \"Test Site Assignment\"','{\"type\": \"PM_ASSIGNED\", \"action\": \"view_projects\", \"projectId\": \"9bb699db-6df6-4006-8a86-a66b60744bd7\"}',0,'2026-03-12 08:48:31'),('67112bfc-2015-4054-847b-f4efbbf16236','8eb70f63-2401-4d83-98af-36a8e2b6c0a8','Project Status Updated','\"Test Notification Project\" - Site visit has been completed','{\"type\": \"STATUS_CHANGE\", \"action\": \"view_project\", \"status\": \"VISIT_DONE\", \"projectId\": \"d69b9666-e218-4dc7-9319-93838ab825c5\"}',0,'2026-03-12 09:01:00'),('68252d12-0ffd-40f6-8f75-4a48c372941b','e6b7ad6e-4e96-473c-ab7c-36e5ee978bf0','Visit Rejected','Site Manoj rejected a visit for \"Testing last bug fix\". Reason: En dm dm','{\"type\": \"VISIT_REJECTED\", \"action\": \"view_projects\", \"projectId\": \"e05ab828-6eef-4c8d-afa3-30db421a6f5a\"}',0,'2026-03-13 08:20:51'),('6831bfa1-fcfc-4ebd-acd0-44cb140fe066','501da61c-3845-4dc3-bddc-c20287630658','Payment Verified','Extra Charge payment for \"Testing last bug fix\" has been verified','{\"type\": \"PAYMENT_VERIFIED\", \"action\": \"view_project\", \"projectId\": \"e05ab828-6eef-4c8d-afa3-30db421a6f5a\"}',0,'2026-03-13 08:31:55'),('686c4f53-5fb2-4115-b2b8-4ddc8ef34583','u5','Site Visit Scheduled','Visit scheduled for \"Testing last bug fix\" on 2026-03-15 at 13:18:00','{\"type\": \"VISIT_SCHEDULED\", \"action\": \"view_project\", \"projectId\": \"e05ab828-6eef-4c8d-afa3-30db421a6f5a\"}',0,'2026-03-13 07:49:05'),('68b7e200-b46e-4379-831b-17ec0b623f09','758104ad-8d77-4c8f-ad72-f66a992a4f8f','Project Status Updated','\"Test Notification Project\" - QUOTATION_GENERATED','{\"type\": \"STATUS_CHANGE\", \"action\": \"view_project\", \"status\": \"QUOTATION_GENERATED\", \"projectId\": \"d69b9666-e218-4dc7-9319-93838ab825c5\"}',0,'2026-03-12 09:02:14'),('694884f0-0a6c-4dd4-a19e-7b4cc6ec9b05','u1','Payment Made','Extra Charge payment of ₹5000.00 has been made for \"Testing last bug fix\"','{\"type\": \"PAYMENT_MADE\", \"action\": \"view_project\", \"projectId\": \"e05ab828-6eef-4c8d-afa3-30db421a6f5a\"}',0,'2026-03-13 08:31:30'),('6a247030-0b27-4696-9cf1-16ce4848d1e0','8eb70f63-2401-4d83-98af-36a8e2b6c0a8','Site Visit Scheduled','Visit scheduled for \"Test Notification Fixed\" on 2026-03-12 at 14:20:00','{\"type\": \"VISIT_SCHEDULED\", \"action\": \"view_project\", \"projectId\": \"99c7c4a9-94c1-43f3-8e01-1ba5d0fa6195\"}',0,'2026-03-12 08:51:35'),('6a47f3fe-7e32-480b-9e22-6a046f00523f','e6b7ad6e-4e96-473c-ab7c-36e5ee978bf0','Visit Rejected','Site Manoj rejected a visit for \"Testing last bug fix\". Reason: Ek dm dm','{\"type\": \"VISIT_REJECTED\", \"action\": \"view_projects\", \"projectId\": \"e05ab828-6eef-4c8d-afa3-30db421a6f5a\"}',0,'2026-03-13 08:17:48'),('6a880bd5-322a-4850-a58c-968af2ef35e6','e6b7ad6e-4e96-473c-ab7c-36e5ee978bf0','Project Status Updated','\"Testing last bug fix\" - Site visit has been completed','{\"type\": \"STATUS_CHANGE\", \"action\": \"view_project\", \"status\": \"VISIT_DONE\", \"projectId\": \"e05ab828-6eef-4c8d-afa3-30db421a6f5a\"}',0,'2026-03-13 08:23:54'),('6a9ed7c6-bb21-48d1-82fc-7bdaaf55e1ee','u1','New Project Assigned','Project Manager has been assigned to \"Test Notification Project\"','{\"type\": \"PM_ASSIGNED\", \"action\": \"view_projects\", \"projectId\": \"d69b9666-e218-4dc7-9319-93838ab825c5\"}',0,'2026-03-12 08:59:18'),('6b1c5718-d170-4671-997b-b928b3242c8a','u1','Project Status Updated','\"Testing last bug fix\" - Work has started','{\"type\": \"STATUS_CHANGE\", \"action\": \"view_project\", \"status\": \"WORK_STARTED\", \"projectId\": \"e05ab828-6eef-4c8d-afa3-30db421a6f5a\"}',0,'2026-03-13 08:32:52'),('6f914fbb-69e9-4eb3-966c-7f57c4b58927','u1','Work Log Images Added','Site Manoj added 1 image to Floor 1 work log in \"Testing last bug fix\"','{\"type\": \"WORKLOG_IMAGES_ADDED\", \"action\": \"view_projects\", \"projectId\": \"e05ab828-6eef-4c8d-afa3-30db421a6f5a\"}',0,'2026-03-13 09:19:18'),('6f9fa403-4aca-4860-9974-63619d9dc747','10fb3610-39ec-4004-badf-af023fdd9412','Payment Made','Advance payment of ₹20000 has been made for \"Testing last bug fix\"','{\"type\": \"PAYMENT_MADE\", \"action\": \"view_project\", \"projectId\": \"e05ab828-6eef-4c8d-afa3-30db421a6f5a\"}',0,'2026-03-13 08:31:24'),('6fbcb91f-8493-4434-9a94-3fc462731ece','758104ad-8d77-4c8f-ad72-f66a992a4f8f','Site Visit Scheduled','Visit scheduled for \"Testing last bug fix\" on 2026-03-13 at 12:56:00','{\"type\": \"VISIT_SCHEDULED\", \"action\": \"view_project\", \"projectId\": \"e05ab828-6eef-4c8d-afa3-30db421a6f5a\"}',0,'2026-03-13 07:26:50'),('7080c170-7361-4ec9-87e8-b8d7865a3b09','8eb70f63-2401-4d83-98af-36a8e2b6c0a8','New Project Assigned','Project Manager has been assigned to \"Testing last bug fix\"','{\"type\": \"PM_ASSIGNED\", \"action\": \"view_projects\", \"projectId\": \"e05ab828-6eef-4c8d-afa3-30db421a6f5a\"}',0,'2026-03-13 06:33:16'),('70cb65e0-6251-44c2-a50d-62761271db69','u3','Visit Rejected','Site Manoj rejected a visit for \"Testing last bug fix\". Reason: Ek dm dm','{\"type\": \"VISIT_REJECTED\", \"action\": \"view_projects\", \"projectId\": \"e05ab828-6eef-4c8d-afa3-30db421a6f5a\"}',0,'2026-03-13 08:17:48'),('71b15a0d-40be-4fc2-bf00-9fa97d41fc3a','u3','Project Status Updated','\"Test Notification Project\" - QUOTATION_GENERATED','{\"type\": \"STATUS_CHANGE\", \"action\": \"view_project\", \"status\": \"QUOTATION_GENERATED\", \"projectId\": \"d69b9666-e218-4dc7-9319-93838ab825c5\"}',0,'2026-03-12 09:02:14'),('74e0055c-39c6-4967-b327-7dc2eea57564','u1','Site Plan Uploaded','Main Admin uploaded a site plan for \"Testing last bug fix\"','{\"type\": \"SITE_PLAN_UPLOADED\", \"action\": \"view_site_plans\", \"projectId\": \"e05ab828-6eef-4c8d-afa3-30db421a6f5a\"}',0,'2026-03-13 07:25:15'),('751e2ec1-d8a3-4994-a808-e2c8506bed92','u9','Report Submitted','Site report has been submitted for \"Test Notification Project\"','{\"type\": \"REPORT_SUBMITTED\", \"action\": \"view_reports\", \"projectId\": \"d69b9666-e218-4dc7-9319-93838ab825c5\"}',0,'2026-03-12 09:01:19'),('75b1d69b-e651-4f83-8a52-a89ea16eafb5','8eb70f63-2401-4d83-98af-36a8e2b6c0a8','Site Visit Scheduled','Visit scheduled for \"Testing last bug fix\" on 2026-03-15 at 13:18:00','{\"type\": \"VISIT_SCHEDULED\", \"action\": \"view_project\", \"projectId\": \"e05ab828-6eef-4c8d-afa3-30db421a6f5a\"}',0,'2026-03-13 07:49:05'),('75de58b2-9008-422b-8a62-647f43069fd1','u3','New Project Assigned','Project Manager has been assigned to \"Test Notification Fixed\"','{\"type\": \"PM_ASSIGNED\", \"action\": \"view_projects\", \"projectId\": \"99c7c4a9-94c1-43f3-8e01-1ba5d0fa6195\"}',0,'2026-03-12 08:38:49'),('785edf1f-80d9-488c-8a6c-3d1dd8947c4b','e6b7ad6e-4e96-473c-ab7c-36e5ee978bf0','Finance Manager Assigned','Finance Manager has been assigned to \"Testing last bug fix\"','{\"type\": \"FINANCE_ASSIGNED\", \"action\": \"view_projects\", \"projectId\": \"2de2c025-256b-4421-a522-463af92c87d0\"}',0,'2026-03-13 06:40:13'),('797787d5-75c2-4ffd-bace-2b5110cca150','u1','Visit Rejected','Site Manoj rejected a visit for \"Testing last bug fix\". Reason: En dm dm','{\"type\": \"VISIT_REJECTED\", \"action\": \"view_projects\", \"projectId\": \"e05ab828-6eef-4c8d-afa3-30db421a6f5a\"}',0,'2026-03-13 08:20:51'),('7b0bc858-3948-495f-95ff-07881351dc87','e6b7ad6e-4e96-473c-ab7c-36e5ee978bf0','Site Incharge Assigned','Site Incharge has been assigned to \"Test Site Assignment Notification\"','{\"type\": \"SITE_ASSIGNED\", \"action\": \"view_projects\", \"projectId\": \"eb2e62ce-383e-48de-98e1-26078111e248\"}',0,'2026-03-12 08:49:33'),('7b793947-3375-408b-99a1-bbd6a4f1f5f8','u3','Project Status Updated','\"Testing last bug fix\" - CUSTOMER_APPROVED','{\"type\": \"STATUS_CHANGE\", \"action\": \"view_project\", \"status\": \"CUSTOMER_APPROVED\", \"projectId\": \"e05ab828-6eef-4c8d-afa3-30db421a6f5a\"}',0,'2026-03-13 08:31:11'),('7c5ddaf5-8572-4548-8faf-08caffe83fc5','u3','New Project Assigned','Project Manager has been assigned to \"Testing last bug fix\"','{\"type\": \"PM_ASSIGNED\", \"action\": \"view_projects\", \"projectId\": \"e05ab828-6eef-4c8d-afa3-30db421a6f5a\"}',0,'2026-03-13 06:33:16'),('7cededee-1f69-447d-8f42-8cc221077fca','501da61c-3845-4dc3-bddc-c20287630658','Site Visit Scheduled','Visit scheduled for \"Testing last bug fix\" on 2026-03-13 at 12:56:00','{\"type\": \"VISIT_SCHEDULED\", \"action\": \"view_project\", \"projectId\": \"e05ab828-6eef-4c8d-afa3-30db421a6f5a\"}',0,'2026-03-13 07:26:50'),('7d7623ad-e693-4517-b57e-c1f324daef11','fcf8accb-21b2-46f2-8f08-a31ab4cb026e','Project Status Updated','\"Testing last bug fix\" - Work has started','{\"type\": \"STATUS_CHANGE\", \"action\": \"view_project\", \"status\": \"WORK_STARTED\", \"projectId\": \"e05ab828-6eef-4c8d-afa3-30db421a6f5a\"}',0,'2026-03-13 08:32:52'),('7df6d01e-4a0e-4364-8c2a-87e75ea182ab','u1','New Project Assigned','Project Manager has been assigned to \"Test Site Assignment Notification\"','{\"type\": \"PM_ASSIGNED\", \"action\": \"view_projects\", \"projectId\": \"8c83dbd5-824f-48a9-b9f1-908fd9b63145\"}',0,'2026-03-12 08:48:56'),('7e3afc45-660d-4cd9-8300-dadf3881076e','758104ad-8d77-4c8f-ad72-f66a992a4f8f','Site Plan Uploaded','Main Admin uploaded a site plan for \"Testing last bug fix\"','{\"type\": \"SITE_PLAN_UPLOADED\", \"action\": \"view_site_plans\", \"projectId\": \"e05ab828-6eef-4c8d-afa3-30db421a6f5a\"}',0,'2026-03-13 07:25:15'),('7eb1ef80-1025-4d12-8ac8-2a62e92ca971','758104ad-8d77-4c8f-ad72-f66a992a4f8f','Project Status Updated','\"Test Notification Project\" - Site visit has been completed','{\"type\": \"STATUS_CHANGE\", \"action\": \"view_project\", \"status\": \"VISIT_DONE\", \"projectId\": \"d69b9666-e218-4dc7-9319-93838ab825c5\"}',0,'2026-03-12 09:01:00'),('7f81508c-7301-4f82-9f01-5521a4c02be1','u2','Site Visit Scheduled','Visit scheduled for \"Testing last bug fix\" on 2026-03-13 at 12:56:00','{\"type\": \"VISIT_SCHEDULED\", \"action\": \"view_project\", \"projectId\": \"e05ab828-6eef-4c8d-afa3-30db421a6f5a\"}',0,'2026-03-13 07:26:50'),('7fd6f93a-ce7f-440e-8926-eecfe75339b3','8eb70f63-2401-4d83-98af-36a8e2b6c0a8','Project Status Updated','\"Testing last bug fix\" - Work has started','{\"type\": \"STATUS_CHANGE\", \"action\": \"view_project\", \"status\": \"WORK_STARTED\", \"projectId\": \"e05ab828-6eef-4c8d-afa3-30db421a6f5a\"}',0,'2026-03-13 08:32:52'),('806598e0-b258-4bd9-8ed5-9e073d1fb084','u1','Payment Verified','Advance payment for \"Testing last bug fix\" has been verified','{\"type\": \"PAYMENT_VERIFIED\", \"action\": \"view_project\", \"projectId\": \"e05ab828-6eef-4c8d-afa3-30db421a6f5a\"}',0,'2026-03-13 08:32:01'),('82bb4160-e3c7-4e59-ba10-a2f661a04a0a','u3','Site Incharge Assigned','Site Incharge has been assigned to \"Test Site Assignment Notification\"','{\"type\": \"SITE_ASSIGNED\", \"action\": \"view_projects\", \"projectId\": \"eb2e62ce-383e-48de-98e1-26078111e248\"}',0,'2026-03-12 08:49:33'),('82ca7730-5489-40c7-a337-b31a6f6e4291','10fb3610-39ec-4004-badf-af023fdd9412','New Project Assigned','Project Manager has been assigned to \"Testing last bug fix\"','{\"type\": \"PM_ASSIGNED\", \"action\": \"view_projects\", \"projectId\": \"e05ab828-6eef-4c8d-afa3-30db421a6f5a\"}',0,'2026-03-13 06:33:16'),('833d9430-b99e-4797-a62a-9b48c5cd8b28','u5','Site Visit Scheduled','Visit scheduled for \"Test Notification Fixed\" on 2026-03-12 at 14:20:00','{\"type\": \"VISIT_SCHEDULED\", \"action\": \"view_project\", \"projectId\": \"99c7c4a9-94c1-43f3-8e01-1ba5d0fa6195\"}',0,'2026-03-12 08:51:35'),('834365fc-f52a-41a4-a8a4-df1dfd17d44f','u3','Site Incharge Assigned','Site Incharge has been assigned to \"Testing last bug fix\"','{\"type\": \"SITE_ASSIGNED\", \"action\": \"view_projects\", \"projectId\": \"e05ab828-6eef-4c8d-afa3-30db421a6f5a\"}',0,'2026-03-13 07:26:26'),('83c4f568-fe18-4aa2-9e25-d149eda9033d','u3','Payment Verified','Advance payment for \"Testing last bug fix\" has been verified','{\"type\": \"PAYMENT_VERIFIED\", \"action\": \"view_project\", \"projectId\": \"e05ab828-6eef-4c8d-afa3-30db421a6f5a\"}',0,'2026-03-13 08:32:01'),('842f20fe-2728-4529-9859-eaaafd515193','u2','Project Status Updated','\"Testing last bug fix\" - Site visit has been completed','{\"type\": \"STATUS_CHANGE\", \"action\": \"view_project\", \"status\": \"VISIT_DONE\", \"projectId\": \"e05ab828-6eef-4c8d-afa3-30db421a6f5a\"}',0,'2026-03-13 08:23:54'),('849b7f5c-af21-4196-a4d8-d1110084b0f1','e6b7ad6e-4e96-473c-ab7c-36e5ee978bf0','New Project Assigned','Project Manager has been assigned to \"Test Site Assignment\"','{\"type\": \"PM_ASSIGNED\", \"action\": \"view_projects\", \"projectId\": \"9bb699db-6df6-4006-8a86-a66b60744bd7\"}',0,'2026-03-12 08:48:31'),('85db783b-aa46-4646-87b1-37a1316a67dc','8eb70f63-2401-4d83-98af-36a8e2b6c0a8','Report Submitted','Site report has been submitted for \"Test Notification Project\"','{\"type\": \"REPORT_SUBMITTED\", \"action\": \"view_reports\", \"projectId\": \"d69b9666-e218-4dc7-9319-93838ab825c5\"}',0,'2026-03-12 09:01:19'),('85e26d3d-b466-41cc-8d99-3a72053dd105','fcf8accb-21b2-46f2-8f08-a31ab4cb026e','Payment Made','Extra Charge payment of ₹5000.00 has been made for \"Testing last bug fix\"','{\"type\": \"PAYMENT_MADE\", \"action\": \"view_project\", \"projectId\": \"e05ab828-6eef-4c8d-afa3-30db421a6f5a\"}',0,'2026-03-13 08:31:30'),('87eca4b0-25eb-4cc0-9163-48017359195a','758104ad-8d77-4c8f-ad72-f66a992a4f8f','Site Visit Scheduled','Visit scheduled for \"Testing last bug fix\" on 2026-03-15 at 13:18:00','{\"type\": \"VISIT_SCHEDULED\", \"action\": \"view_project\", \"projectId\": \"e05ab828-6eef-4c8d-afa3-30db421a6f5a\"}',0,'2026-03-13 07:49:05'),('884c2443-f40c-45b0-89c3-9423f2b91f8d','u2','Project Status Updated','\"Test Notification Project\" - QUOTATION_GENERATED','{\"type\": \"STATUS_CHANGE\", \"action\": \"view_project\", \"status\": \"QUOTATION_GENERATED\", \"projectId\": \"d69b9666-e218-4dc7-9319-93838ab825c5\"}',0,'2026-03-12 09:02:14'),('88f33304-5127-4386-8cb0-30cb9a256010','501da61c-3845-4dc3-bddc-c20287630658','Payment Verified','Advance payment for \"Testing last bug fix\" has been verified','{\"type\": \"PAYMENT_VERIFIED\", \"action\": \"view_project\", \"projectId\": \"e05ab828-6eef-4c8d-afa3-30db421a6f5a\"}',0,'2026-03-13 08:32:01'),('891c2170-3254-410b-9e14-3a8496976b85','fcf8accb-21b2-46f2-8f08-a31ab4cb026e','Site Visit Scheduled','Visit scheduled for \"Testing last bug fix\" on 2026-03-13 at 12:56:00','{\"type\": \"VISIT_SCHEDULED\", \"action\": \"view_project\", \"projectId\": \"e05ab828-6eef-4c8d-afa3-30db421a6f5a\"}',0,'2026-03-13 07:26:50'),('893a0b7f-6320-4c5a-ab48-f46f06ceee46','501da61c-3845-4dc3-bddc-c20287630658','Visit Rejected','Site Manoj rejected a visit for \"Testing last bug fix\". Reason: Ek ek dm','{\"type\": \"VISIT_REJECTED\", \"action\": \"view_projects\", \"projectId\": \"e05ab828-6eef-4c8d-afa3-30db421a6f5a\"}',0,'2026-03-13 07:52:55'),('8a356bee-1d78-47b8-89bc-a3d26dd38ae9','u7','Work Log Images Added','Site Manoj added 1 image to Floor 1 work log in \"Testing last bug fix\"','{\"type\": \"WORKLOG_IMAGES_ADDED\", \"action\": \"view_projects\", \"projectId\": \"e05ab828-6eef-4c8d-afa3-30db421a6f5a\"}',0,'2026-03-13 09:19:18'),('8cb4d392-f43b-4c15-819e-01aef0f884ba','u9','Project Status Updated','\"Test Notification Project\" - QUOTATION_GENERATED','{\"type\": \"STATUS_CHANGE\", \"action\": \"view_project\", \"status\": \"QUOTATION_GENERATED\", \"projectId\": \"d69b9666-e218-4dc7-9319-93838ab825c5\"}',0,'2026-03-12 09:02:14'),('8e59147d-3b4a-458e-bb8b-2d20fb95c14b','u9','New Project Assigned','Project Manager has been assigned to \"Test Notification Fixed\"','{\"type\": \"PM_ASSIGNED\", \"action\": \"view_projects\", \"projectId\": \"99c7c4a9-94c1-43f3-8e01-1ba5d0fa6195\"}',0,'2026-03-12 08:38:49'),('8e700f4e-9d05-4a74-a09d-2e14ddbe65ea','u2','Site Plan Uploaded','Main Admin uploaded a site plan for \"Testing last bug fix\"','{\"type\": \"SITE_PLAN_UPLOADED\", \"action\": \"view_site_plans\", \"projectId\": \"e05ab828-6eef-4c8d-afa3-30db421a6f5a\"}',0,'2026-03-13 07:25:15'),('8f70d43a-d6b5-4ee5-b032-29dc161e362a','82280bf4-651d-43d9-8022-43988252741c','Site Visit Scheduled','Visit scheduled for \"Test Notification Fixed\" on 2026-03-12 at 14:20:00','{\"type\": \"VISIT_SCHEDULED\", \"action\": \"view_project\", \"projectId\": \"99c7c4a9-94c1-43f3-8e01-1ba5d0fa6195\"}',0,'2026-03-12 08:51:35'),('90069ec6-20a1-4a9f-a2f1-58351280d755','e6b7ad6e-4e96-473c-ab7c-36e5ee978bf0','Project Status Updated','\"Test Notification Project\" - CUSTOMER_APPROVED','{\"type\": \"STATUS_CHANGE\", \"action\": \"view_project\", \"status\": \"CUSTOMER_APPROVED\", \"projectId\": \"d69b9666-e218-4dc7-9319-93838ab825c5\"}',0,'2026-03-12 09:05:54'),('90aebe4e-af48-44b8-be22-0a7fe92cb569','8eb70f63-2401-4d83-98af-36a8e2b6c0a8','New Project Assigned','Project Manager has been assigned to \"Test Site Assignment\"','{\"type\": \"PM_ASSIGNED\", \"action\": \"view_projects\", \"projectId\": \"9bb699db-6df6-4006-8a86-a66b60744bd7\"}',0,'2026-03-12 08:48:31'),('918c1eba-aae5-4200-a47b-2d4d2a6d33ad','u2','Site Visit Scheduled','Visit scheduled for \"Test Notification Project\" on 2024-12-15 at 10:00','{\"type\": \"VISIT_SCHEDULED\", \"action\": \"view_project\", \"projectId\": \"d69b9666-e218-4dc7-9319-93838ab825c5\"}',0,'2026-03-12 09:00:36'),('919b743e-9c9d-4fed-8d75-c18296b649af','758104ad-8d77-4c8f-ad72-f66a992a4f8f','New Project Assigned','Project Manager has been assigned to \"Test Notification Fixed\"','{\"type\": \"PM_ASSIGNED\", \"action\": \"view_projects\", \"projectId\": \"99c7c4a9-94c1-43f3-8e01-1ba5d0fa6195\"}',0,'2026-03-12 08:38:49'),('920a4ee7-1b07-4cb7-b23f-004ac3be1083','758104ad-8d77-4c8f-ad72-f66a992a4f8f','New Project Assigned','Project Manager has been assigned to \"Test Notification Project\"','{\"type\": \"PM_ASSIGNED\", \"action\": \"view_projects\", \"projectId\": \"d69b9666-e218-4dc7-9319-93838ab825c5\"}',0,'2026-03-12 08:59:18'),('933f50e3-67ab-499a-93a9-569ae2eec32c','u1','Project Status Updated','\"Test Notification Project\" - QUOTATION_GENERATED','{\"type\": \"STATUS_CHANGE\", \"action\": \"view_project\", \"status\": \"QUOTATION_GENERATED\", \"projectId\": \"d69b9666-e218-4dc7-9319-93838ab825c5\"}',0,'2026-03-12 09:02:14'),('9448bce2-ae14-4de0-94e9-542f2bdbaf15','u2','Work Log Images Added','Site Manoj added 1 image to Floor 1 work log in \"Testing last bug fix\"','{\"type\": \"WORKLOG_IMAGES_ADDED\", \"action\": \"view_projects\", \"projectId\": \"e05ab828-6eef-4c8d-afa3-30db421a6f5a\"}',0,'2026-03-13 10:09:05'),('94cad750-84c4-4e5b-8ef2-21d288b99cf1','u9','Site Incharge Assigned','Site Incharge has been assigned to \"Test Site Assignment Notification\"','{\"type\": \"SITE_ASSIGNED\", \"action\": \"view_projects\", \"projectId\": \"eb2e62ce-383e-48de-98e1-26078111e248\"}',0,'2026-03-12 08:49:33'),('95daf729-2f63-4457-8f69-f005d1711d7a','u1','Site Incharge Assigned','Site Incharge has been assigned to \"Test Notification Project\"','{\"type\": \"SITE_ASSIGNED\", \"action\": \"view_projects\", \"projectId\": \"d69b9666-e218-4dc7-9319-93838ab825c5\"}',0,'2026-03-12 09:00:10'),('95e8060a-ddc7-4d3c-83c6-28ab38a61540','e6b7ad6e-4e96-473c-ab7c-36e5ee978bf0','Report Submitted','Site report has been submitted for \"Testing last bug fix\"','{\"type\": \"REPORT_SUBMITTED\", \"action\": \"view_reports\", \"projectId\": \"e05ab828-6eef-4c8d-afa3-30db421a6f5a\"}',0,'2026-03-13 08:25:16'),('963e2980-b194-4463-97d8-7ff627c0a360','758104ad-8d77-4c8f-ad72-f66a992a4f8f','Project Status Updated','\"Testing last bug fix\" - QUOTATION_GENERATED','{\"type\": \"STATUS_CHANGE\", \"action\": \"view_project\", \"status\": \"QUOTATION_GENERATED\", \"projectId\": \"e05ab828-6eef-4c8d-afa3-30db421a6f5a\"}',0,'2026-03-13 08:28:26'),('96af819a-7aab-4ec0-8fc8-c5aa271cdf62','e6b7ad6e-4e96-473c-ab7c-36e5ee978bf0','Project Status Updated','\"Testing last bug fix\" - CUSTOMER_APPROVED','{\"type\": \"STATUS_CHANGE\", \"action\": \"view_project\", \"status\": \"CUSTOMER_APPROVED\", \"projectId\": \"e05ab828-6eef-4c8d-afa3-30db421a6f5a\"}',0,'2026-03-13 08:31:11'),('96e20ec1-5cf5-4cad-b8df-6cefbef93aa7','u3','Visit Rejected','Site Manoj rejected a visit for \"Testing last bug fix\". Reason: En dm dm','{\"type\": \"VISIT_REJECTED\", \"action\": \"view_projects\", \"projectId\": \"e05ab828-6eef-4c8d-afa3-30db421a6f5a\"}',0,'2026-03-13 08:20:51'),('97911996-d927-4627-bf1c-c16f0594d831','e6b7ad6e-4e96-473c-ab7c-36e5ee978bf0','New Project Assigned','Project Manager has been assigned to \"Gghhthhh\"','{\"type\": \"PM_ASSIGNED\", \"action\": \"view_projects\", \"projectId\": \"ede78186-fb79-4b26-b4b2-0f98eb1f82a2\"}',0,'2026-03-12 11:32:35'),('99831798-bf60-429b-a2ef-26ab1980badc','u2','Site Visit Scheduled','Visit scheduled for \"Testing last bug fix\" on 2026-04-01 at 01:00:00','{\"type\": \"VISIT_SCHEDULED\", \"action\": \"view_project\", \"projectId\": \"e05ab828-6eef-4c8d-afa3-30db421a6f5a\"}',0,'2026-03-13 08:23:39'),('9ac2dc63-a578-4a9f-96f2-6e61e2cf6ab4','e6b7ad6e-4e96-473c-ab7c-36e5ee978bf0','Site Plan Uploaded','Main Admin uploaded a site plan for \"Testing last bug fix\"','{\"type\": \"SITE_PLAN_UPLOADED\", \"action\": \"view_site_plans\", \"projectId\": \"e05ab828-6eef-4c8d-afa3-30db421a6f5a\"}',0,'2026-03-13 07:25:15'),('9c82b50f-9270-4d28-8a76-cd2eef80ccb3','u9','Site Incharge Assigned','Site Incharge has been assigned to \"Test Notification Project\"','{\"type\": \"SITE_ASSIGNED\", \"action\": \"view_projects\", \"projectId\": \"d69b9666-e218-4dc7-9319-93838ab825c5\"}',0,'2026-03-12 09:00:10'),('9cb33a7c-258e-4e80-8264-2d128f11491c','fcf8accb-21b2-46f2-8f08-a31ab4cb026e','Site Visit Scheduled','Visit scheduled for \"Testing last bug fix\" on 2026-03-16 at 13:51:00','{\"type\": \"VISIT_SCHEDULED\", \"action\": \"view_project\", \"projectId\": \"e05ab828-6eef-4c8d-afa3-30db421a6f5a\"}',0,'2026-03-13 08:21:29'),('9cbf0396-8380-4492-8f0b-6a8d8419e975','u9','Project Status Updated','\"Test Notification Project\" - CUSTOMER_APPROVED','{\"type\": \"STATUS_CHANGE\", \"action\": \"view_project\", \"status\": \"CUSTOMER_APPROVED\", \"projectId\": \"d69b9666-e218-4dc7-9319-93838ab825c5\"}',0,'2026-03-12 09:05:54'),('9ce9740a-9b93-496c-a368-799ca75390d3','758104ad-8d77-4c8f-ad72-f66a992a4f8f','Report Submitted','Site report has been submitted for \"Testing last bug fix\"','{\"type\": \"REPORT_SUBMITTED\", \"action\": \"view_reports\", \"projectId\": \"e05ab828-6eef-4c8d-afa3-30db421a6f5a\"}',0,'2026-03-13 08:25:16'),('9d8ae879-82b6-48f1-b736-d1bcaaaf2f69','u1','Site Visit Scheduled','Visit scheduled for \"Test Notification Fixed\" on 2026-03-12 at 14:16:00','{\"type\": \"VISIT_SCHEDULED\", \"action\": \"view_project\", \"projectId\": \"99c7c4a9-94c1-43f3-8e01-1ba5d0fa6195\"}',0,'2026-03-12 08:46:18'),('9e40b80e-ef2b-416e-a3b2-9100dc5eddff','u3','Payment Verified','Extra Charge payment for \"Testing last bug fix\" has been verified','{\"type\": \"PAYMENT_VERIFIED\", \"action\": \"view_project\", \"projectId\": \"e05ab828-6eef-4c8d-afa3-30db421a6f5a\"}',0,'2026-03-13 08:31:55'),('9ea28c09-6981-4b10-8055-b649de3bf191','e6b7ad6e-4e96-473c-ab7c-36e5ee978bf0','Site Visit Scheduled','Visit scheduled for \"Testing last bug fix\" on 2026-03-13 at 12:56:00','{\"type\": \"VISIT_SCHEDULED\", \"action\": \"view_project\", \"projectId\": \"e05ab828-6eef-4c8d-afa3-30db421a6f5a\"}',0,'2026-03-13 07:26:50'),('9ef31653-e0df-4801-9273-0829038e883b','fcf8accb-21b2-46f2-8f08-a31ab4cb026e','Visit Rejected','Site Manoj rejected a visit for \"Testing last bug fix\". Reason: En dm dm','{\"type\": \"VISIT_REJECTED\", \"action\": \"view_projects\", \"projectId\": \"e05ab828-6eef-4c8d-afa3-30db421a6f5a\"}',0,'2026-03-13 08:20:51'),('9f81f1d1-82c6-4c42-9c85-28f42ab361f6','u1','Project Status Updated','\"Testing last bug fix\" - CUSTOMER_APPROVED','{\"type\": \"STATUS_CHANGE\", \"action\": \"view_project\", \"status\": \"CUSTOMER_APPROVED\", \"projectId\": \"e05ab828-6eef-4c8d-afa3-30db421a6f5a\"}',0,'2026-03-13 08:31:11'),('9fea90a7-cd0f-4f4c-bd81-2e702851c96f','e6b7ad6e-4e96-473c-ab7c-36e5ee978bf0','New Project Assigned','Project Manager has been assigned to \"Test Site Assignment Notification\"','{\"type\": \"PM_ASSIGNED\", \"action\": \"view_projects\", \"projectId\": \"eb2e62ce-383e-48de-98e1-26078111e248\"}',0,'2026-03-12 08:49:33'),('9feb29ed-e91f-4440-8483-eb14fe2367a6','u2','Site Visit Scheduled','Visit scheduled for \"Testing last bug fix\" on 2026-03-16 at 13:51:00','{\"type\": \"VISIT_SCHEDULED\", \"action\": \"view_project\", \"projectId\": \"e05ab828-6eef-4c8d-afa3-30db421a6f5a\"}',0,'2026-03-13 08:21:29'),('9fef159f-08de-4431-8b69-f2dbffad617e','82280bf4-651d-43d9-8022-43988252741c','Report Submitted','Site report has been submitted for \"Test Notification Project\"','{\"type\": \"REPORT_SUBMITTED\", \"action\": \"view_reports\", \"projectId\": \"d69b9666-e218-4dc7-9319-93838ab825c5\"}',0,'2026-03-12 09:01:19'),('a04d5d4b-bf66-4e5d-9203-fe3bc39dc6e3','u1','Site Visit Scheduled','Visit scheduled for \"Testing last bug fix\" on 2026-03-13 at 12:56:00','{\"type\": \"VISIT_SCHEDULED\", \"action\": \"view_project\", \"projectId\": \"e05ab828-6eef-4c8d-afa3-30db421a6f5a\"}',0,'2026-03-13 07:26:50'),('a152352b-4526-45aa-a2cb-eb3cd6432cd7','e6b7ad6e-4e96-473c-ab7c-36e5ee978bf0','Site Visit Scheduled','Visit scheduled for \"Test Notification Project\" on 2024-12-15 at 10:00','{\"type\": \"VISIT_SCHEDULED\", \"action\": \"view_project\", \"projectId\": \"d69b9666-e218-4dc7-9319-93838ab825c5\"}',0,'2026-03-12 09:00:36'),('a1c417a8-9ec9-4181-ac6e-5ea3639a4ab5','u1','Project Status Updated','\"Test Notification Project\" - Site visit has been completed','{\"type\": \"STATUS_CHANGE\", \"action\": \"view_project\", \"status\": \"VISIT_DONE\", \"projectId\": \"d69b9666-e218-4dc7-9319-93838ab825c5\"}',0,'2026-03-12 09:01:00'),('a2b7abe9-f070-4bff-b353-d5e96356dd10','u3','Payment Made','Advance payment of ₹20000 has been made for \"Testing last bug fix\"','{\"type\": \"PAYMENT_MADE\", \"action\": \"view_project\", \"projectId\": \"e05ab828-6eef-4c8d-afa3-30db421a6f5a\"}',0,'2026-03-13 08:31:24'),('a34645c1-da53-4faf-9acf-5794114a205a','10fb3610-39ec-4004-badf-af023fdd9412','Finance Manager Assigned','Finance Manager has been assigned to \"Testing last bug fix\"','{\"type\": \"FINANCE_ASSIGNED\", \"action\": \"view_projects\", \"projectId\": \"2de2c025-256b-4421-a522-463af92c87d0\"}',0,'2026-03-13 06:40:13'),('a34e354a-fd42-4db2-9756-f8a1c93a6b91','501da61c-3845-4dc3-bddc-c20287630658','Finance Manager Assigned','Finance Manager has been assigned to \"Testing last bug fix\"','{\"type\": \"FINANCE_ASSIGNED\", \"action\": \"view_projects\", \"projectId\": \"2de2c025-256b-4421-a522-463af92c87d0\"}',0,'2026-03-13 06:40:13'),('a36260b8-bae7-40d3-ab40-35e80924807f','u3','Project Status Updated','\"Test Notification Project\" - Site visit has been completed','{\"type\": \"STATUS_CHANGE\", \"action\": \"view_project\", \"status\": \"VISIT_DONE\", \"projectId\": \"d69b9666-e218-4dc7-9319-93838ab825c5\"}',0,'2026-03-12 09:01:00'),('a3c619e3-9bfe-4395-a739-18faf280098c','fcf8accb-21b2-46f2-8f08-a31ab4cb026e','Visit Rejected','Site Manoj rejected a visit for \"Testing last bug fix\". Reason: Ek dm dm','{\"type\": \"VISIT_REJECTED\", \"action\": \"view_projects\", \"projectId\": \"e05ab828-6eef-4c8d-afa3-30db421a6f5a\"}',0,'2026-03-13 08:17:48'),('a41492d3-2b71-4c9b-a6cf-3e490437f015','10fb3610-39ec-4004-badf-af023fdd9412','Visit Rejected','Site Manoj rejected a visit for \"Testing last bug fix\". Reason: Final rejection to check notification','{\"type\": \"VISIT_REJECTED\", \"action\": \"view_projects\", \"projectId\": \"e05ab828-6eef-4c8d-afa3-30db421a6f5a\"}',0,'2026-03-13 08:22:43'),('a424f3eb-44f5-46b3-a968-8ad72f1c337f','e6b7ad6e-4e96-473c-ab7c-36e5ee978bf0','Payment Verified','Advance payment for \"Testing last bug fix\" has been verified','{\"type\": \"PAYMENT_VERIFIED\", \"action\": \"view_project\", \"projectId\": \"e05ab828-6eef-4c8d-afa3-30db421a6f5a\"}',0,'2026-03-13 08:32:01'),('a59734b7-71c2-4872-9a7f-7039b1e60bd3','u3','Project Status Updated','\"Test Notification Project\" - CUSTOMER_APPROVED','{\"type\": \"STATUS_CHANGE\", \"action\": \"view_project\", \"status\": \"CUSTOMER_APPROVED\", \"projectId\": \"d69b9666-e218-4dc7-9319-93838ab825c5\"}',0,'2026-03-12 09:05:54'),('a65b8a3c-cefa-4b31-ac5c-20432a5e4708','u3','Project Status Updated','\"Testing last bug fix\" - Site visit has been completed','{\"type\": \"STATUS_CHANGE\", \"action\": \"view_project\", \"status\": \"VISIT_DONE\", \"projectId\": \"e05ab828-6eef-4c8d-afa3-30db421a6f5a\"}',0,'2026-03-13 08:23:54'),('a6775672-0ba9-40f8-8579-a9b2d94d6440','501da61c-3845-4dc3-bddc-c20287630658','Site Incharge Assigned','Site Incharge has been assigned to \"Testing last bug fix\"','{\"type\": \"SITE_ASSIGNED\", \"action\": \"view_projects\", \"projectId\": \"e05ab828-6eef-4c8d-afa3-30db421a6f5a\"}',0,'2026-03-13 07:26:26'),('a887d635-72f3-4ca3-bff6-515360363b71','u1','Work Log Images Added','Site Manoj added 1 image to Floor 1 work log in \"Testing last bug fix\"','{\"type\": \"WORKLOG_IMAGES_ADDED\", \"action\": \"view_projects\", \"projectId\": \"e05ab828-6eef-4c8d-afa3-30db421a6f5a\"}',0,'2026-03-13 10:09:05'),('a98e08d9-d9c5-41d0-a474-5360073d53de','10fb3610-39ec-4004-badf-af023fdd9412','Payment Made','Extra Charge payment of ₹5000.00 has been made for \"Testing last bug fix\"','{\"type\": \"PAYMENT_MADE\", \"action\": \"view_project\", \"projectId\": \"e05ab828-6eef-4c8d-afa3-30db421a6f5a\"}',0,'2026-03-13 08:31:30'),('ab39855d-8073-4df5-8908-ed9671cc4e08','758104ad-8d77-4c8f-ad72-f66a992a4f8f','Project Status Updated','\"Testing last bug fix\" - Work has started','{\"type\": \"STATUS_CHANGE\", \"action\": \"view_project\", \"status\": \"WORK_STARTED\", \"projectId\": \"e05ab828-6eef-4c8d-afa3-30db421a6f5a\"}',0,'2026-03-13 08:32:52'),('ab899607-6d68-4da0-8927-57f33ead8e70','u3','Site Visit Scheduled','Visit scheduled for \"Testing last bug fix\" on 2026-03-13 at 12:56:00','{\"type\": \"VISIT_SCHEDULED\", \"action\": \"view_project\", \"projectId\": \"e05ab828-6eef-4c8d-afa3-30db421a6f5a\"}',0,'2026-03-13 07:26:50'),('abce3b80-bb47-407a-aeec-5ced3475ea93','82280bf4-651d-43d9-8022-43988252741c','New Project Assigned','Project Manager has been assigned to \"Test Notification Fixed\"','{\"type\": \"PM_ASSIGNED\", \"action\": \"view_projects\", \"projectId\": \"99c7c4a9-94c1-43f3-8e01-1ba5d0fa6195\"}',0,'2026-03-12 08:38:49'),('abf15d08-82c8-43bb-a3e6-7ab5ca5d92d0','u5','Site Incharge Assigned','Site Incharge has been assigned to \"Test Notification Project\"','{\"type\": \"SITE_ASSIGNED\", \"action\": \"view_projects\", \"projectId\": \"d69b9666-e218-4dc7-9319-93838ab825c5\"}',0,'2026-03-12 09:00:10'),('ac8b6a40-7d68-4610-99d9-13490a2c2faf','u1','New Project Assigned','Project Manager has been assigned to \"Test Site Assignment\"','{\"type\": \"PM_ASSIGNED\", \"action\": \"view_projects\", \"projectId\": \"9bb699db-6df6-4006-8a86-a66b60744bd7\"}',0,'2026-03-12 08:48:31'),('ad0ea036-5fcc-4d62-8a00-6fae63ba9b4d','u1','Report Submitted','Site report has been submitted for \"Testing last bug fix\"','{\"type\": \"REPORT_SUBMITTED\", \"action\": \"view_reports\", \"projectId\": \"e05ab828-6eef-4c8d-afa3-30db421a6f5a\"}',0,'2026-03-13 08:25:16'),('adade0cf-735d-49d9-b8b9-adfe9d6c8fc9','u1','New Project Assigned','Project Manager has been assigned to \"Test Notification Fixed\"','{\"type\": \"PM_ASSIGNED\", \"action\": \"view_projects\", \"projectId\": \"99c7c4a9-94c1-43f3-8e01-1ba5d0fa6195\"}',0,'2026-03-12 08:38:49'),('ae3c1bdc-a337-4ad9-ab66-5fc65e70882f','u2','Payment Verified','Advance payment for \"Testing last bug fix\" has been verified','{\"type\": \"PAYMENT_VERIFIED\", \"action\": \"view_project\", \"projectId\": \"e05ab828-6eef-4c8d-afa3-30db421a6f5a\"}',0,'2026-03-13 08:32:01'),('b0c962b0-b52e-494c-8a5a-dc9f98e3a522','10fb3610-39ec-4004-badf-af023fdd9412','Work Log Images Added','Site Manoj added 1 image to Floor 1 work log in \"Testing last bug fix\"','{\"type\": \"WORKLOG_IMAGES_ADDED\", \"action\": \"view_projects\", \"projectId\": \"e05ab828-6eef-4c8d-afa3-30db421a6f5a\"}',0,'2026-03-13 09:10:48'),('b1351ec3-60b3-427d-b800-9ab4e0fa7b99','501da61c-3845-4dc3-bddc-c20287630658','Work Log Images Added','Site Manoj added 1 image to Floor 1 work log in \"Testing last bug fix\"','{\"type\": \"WORKLOG_IMAGES_ADDED\", \"action\": \"view_projects\", \"projectId\": \"e05ab828-6eef-4c8d-afa3-30db421a6f5a\"}',0,'2026-03-13 10:09:05'),('b16c0833-d3c9-4791-b09d-e756e60c55fd','e6b7ad6e-4e96-473c-ab7c-36e5ee978bf0','New Project Assigned','Project Manager has been assigned to \"Test Notification Fixed\"','{\"type\": \"PM_ASSIGNED\", \"action\": \"view_projects\", \"projectId\": \"99c7c4a9-94c1-43f3-8e01-1ba5d0fa6195\"}',0,'2026-03-12 08:38:49'),('b1dc8dc6-5894-492a-84d1-ad72c0529ce5','8eb70f63-2401-4d83-98af-36a8e2b6c0a8','Work Log Images Added','Site Manoj added 1 image to Floor 1 work log in \"Testing last bug fix\"','{\"type\": \"WORKLOG_IMAGES_ADDED\", \"action\": \"view_projects\", \"projectId\": \"e05ab828-6eef-4c8d-afa3-30db421a6f5a\"}',0,'2026-03-13 09:19:18'),('b26fff23-972f-4b1d-90d5-8de297fe0d22','u2','Finance Manager Assigned','Finance Manager has been assigned to \"Testing last bug fix\"','{\"type\": \"FINANCE_ASSIGNED\", \"action\": \"view_projects\", \"projectId\": \"2de2c025-256b-4421-a522-463af92c87d0\"}',0,'2026-03-13 06:40:13'),('b2d43f84-a48e-4a7a-983f-df74bc0529ce','501da61c-3845-4dc3-bddc-c20287630658','Payment Made','Advance payment of ₹20000 has been made for \"Testing last bug fix\"','{\"type\": \"PAYMENT_MADE\", \"action\": \"view_project\", \"projectId\": \"e05ab828-6eef-4c8d-afa3-30db421a6f5a\"}',0,'2026-03-13 08:31:24'),('b4c49017-d9ba-4839-a97b-95204aafadb9','82280bf4-651d-43d9-8022-43988252741c','Project Status Updated','\"Test Notification Project\" - CUSTOMER_APPROVED','{\"type\": \"STATUS_CHANGE\", \"action\": \"view_project\", \"status\": \"CUSTOMER_APPROVED\", \"projectId\": \"d69b9666-e218-4dc7-9319-93838ab825c5\"}',0,'2026-03-12 09:05:54'),('b82b0b9e-56ba-4b88-b9aa-51682ef22fac','501da61c-3845-4dc3-bddc-c20287630658','New Project Assigned','Project Manager has been assigned to \"Gghhthhh\"','{\"type\": \"PM_ASSIGNED\", \"action\": \"view_projects\", \"projectId\": \"ede78186-fb79-4b26-b4b2-0f98eb1f82a2\"}',0,'2026-03-12 11:32:35'),('b9fc44a5-3886-4029-ac10-32d58e1d31f0','e6b7ad6e-4e96-473c-ab7c-36e5ee978bf0','Site Visit Scheduled','Visit scheduled for \"Testing last bug fix\" on 2026-03-16 at 13:51:00','{\"type\": \"VISIT_SCHEDULED\", \"action\": \"view_project\", \"projectId\": \"e05ab828-6eef-4c8d-afa3-30db421a6f5a\"}',0,'2026-03-13 08:21:29'),('bab27a9e-4166-4c8f-a259-e51e34bc7c2a','758104ad-8d77-4c8f-ad72-f66a992a4f8f','New Project Assigned','Project Manager has been assigned to \"Test Site Assignment\"','{\"type\": \"PM_ASSIGNED\", \"action\": \"view_projects\", \"projectId\": \"9bb699db-6df6-4006-8a86-a66b60744bd7\"}',0,'2026-03-12 08:48:31'),('bb967217-8ea9-41f9-90cb-27c414de3eb7','501da61c-3845-4dc3-bddc-c20287630658','Payment Made','Extra Charge payment of ₹5000.00 has been made for \"Testing last bug fix\"','{\"type\": \"PAYMENT_MADE\", \"action\": \"view_project\", \"projectId\": \"e05ab828-6eef-4c8d-afa3-30db421a6f5a\"}',0,'2026-03-13 08:31:30'),('bbae4d35-770d-47d8-975a-35641d68c562','e6b7ad6e-4e96-473c-ab7c-36e5ee978bf0','Site Visit Scheduled','Visit scheduled for \"Test Notification Fixed\" on 2026-03-12 at 14:20:00','{\"type\": \"VISIT_SCHEDULED\", \"action\": \"view_project\", \"projectId\": \"99c7c4a9-94c1-43f3-8e01-1ba5d0fa6195\"}',0,'2026-03-12 08:51:35'),('bc0e0d4e-afd2-4c69-8bc5-e2dce642a77b','fcf8accb-21b2-46f2-8f08-a31ab4cb026e','Site Incharge Assigned','Site Incharge has been assigned to \"Testing last bug fix\"','{\"type\": \"SITE_ASSIGNED\", \"action\": \"view_projects\", \"projectId\": \"e05ab828-6eef-4c8d-afa3-30db421a6f5a\"}',0,'2026-03-13 07:26:26'),('bd58ea48-6ba9-4c34-bbad-b6767d27e2f5','501da61c-3845-4dc3-bddc-c20287630658','Project Status Updated','\"Testing last bug fix\" - Site visit has been completed','{\"type\": \"STATUS_CHANGE\", \"action\": \"view_project\", \"status\": \"VISIT_DONE\", \"projectId\": \"e05ab828-6eef-4c8d-afa3-30db421a6f5a\"}',0,'2026-03-13 08:23:54'),('be4fdc75-e4c1-4bcc-85fa-9223995103bf','e6b7ad6e-4e96-473c-ab7c-36e5ee978bf0','Work Log Images Added','Site Manoj added 1 image to Floor 1 work log in \"Testing last bug fix\"','{\"type\": \"WORKLOG_IMAGES_ADDED\", \"action\": \"view_projects\", \"projectId\": \"e05ab828-6eef-4c8d-afa3-30db421a6f5a\"}',0,'2026-03-13 09:19:18'),('c0003620-729a-4fa4-8e86-cb109a71aeb4','10fb3610-39ec-4004-badf-af023fdd9412','Site Visit Scheduled','Visit scheduled for \"Testing last bug fix\" on 2026-03-16 at 13:51:00','{\"type\": \"VISIT_SCHEDULED\", \"action\": \"view_project\", \"projectId\": \"e05ab828-6eef-4c8d-afa3-30db421a6f5a\"}',0,'2026-03-13 08:21:29'),('c138855c-a3d8-4384-8997-4ef624d2fb7f','fcf8accb-21b2-46f2-8f08-a31ab4cb026e','Work Log Images Added','Site Manoj added 1 image to Floor 1 work log in \"Testing last bug fix\"','{\"type\": \"WORKLOG_IMAGES_ADDED\", \"action\": \"view_projects\", \"projectId\": \"e05ab828-6eef-4c8d-afa3-30db421a6f5a\"}',0,'2026-03-13 09:10:48'),('c1499493-26af-48ff-91de-9c00fe941c74','8eb70f63-2401-4d83-98af-36a8e2b6c0a8','New Project Assigned','Project Manager has been assigned to \"Gghhthhh\"','{\"type\": \"PM_ASSIGNED\", \"action\": \"view_projects\", \"projectId\": \"ede78186-fb79-4b26-b4b2-0f98eb1f82a2\"}',0,'2026-03-12 11:32:35'),('c1572e73-cb50-4452-b6c0-2771241d12cf','u3','Finance Manager Assigned','Finance Manager has been assigned to \"Testing last bug fix\"','{\"type\": \"FINANCE_ASSIGNED\", \"action\": \"view_projects\", \"projectId\": \"2de2c025-256b-4421-a522-463af92c87d0\"}',0,'2026-03-13 06:40:13'),('c30e2522-c613-42f4-9762-a73c0d62ead5','8eb70f63-2401-4d83-98af-36a8e2b6c0a8','Visit Rejected','Site Manoj rejected a visit for \"Testing last bug fix\". Reason: En dm dm','{\"type\": \"VISIT_REJECTED\", \"action\": \"view_projects\", \"projectId\": \"e05ab828-6eef-4c8d-afa3-30db421a6f5a\"}',0,'2026-03-13 08:20:51'),('c502b53a-0fd6-4c3a-8a79-c52eed96fee7','501da61c-3845-4dc3-bddc-c20287630658','Work Log Images Added','Site Manoj added 1 image to Floor 1 work log in \"Testing last bug fix\"','{\"type\": \"WORKLOG_IMAGES_ADDED\", \"action\": \"view_projects\", \"projectId\": \"e05ab828-6eef-4c8d-afa3-30db421a6f5a\"}',0,'2026-03-13 09:19:18'),('c518b164-ec95-438e-a6f4-0921ee088265','u2','Work Log Images Added','Site Manoj added 1 image to Floor 1 work log in \"Testing last bug fix\"','{\"type\": \"WORKLOG_IMAGES_ADDED\", \"action\": \"view_projects\", \"projectId\": \"e05ab828-6eef-4c8d-afa3-30db421a6f5a\"}',0,'2026-03-13 09:10:48'),('c5e0e9e9-6bfd-49de-b1b9-20ad96d66455','758104ad-8d77-4c8f-ad72-f66a992a4f8f','New Project Assigned','Project Manager has been assigned to \"Testing last bug fix\"','{\"type\": \"PM_ASSIGNED\", \"action\": \"view_projects\", \"projectId\": \"e05ab828-6eef-4c8d-afa3-30db421a6f5a\"}',0,'2026-03-13 06:33:16'),('c68e562d-3d77-4fda-a7cc-d6b106fe0316','e6b7ad6e-4e96-473c-ab7c-36e5ee978bf0','Report Submitted','Site report has been submitted for \"Test Notification Project\"','{\"type\": \"REPORT_SUBMITTED\", \"action\": \"view_reports\", \"projectId\": \"d69b9666-e218-4dc7-9319-93838ab825c5\"}',0,'2026-03-12 09:01:19'),('c6daa806-2e0a-4b6e-bd37-c95c5579341e','8eb70f63-2401-4d83-98af-36a8e2b6c0a8','Site Incharge Assigned','Site Incharge has been assigned to \"Testing last bug fix\"','{\"type\": \"SITE_ASSIGNED\", \"action\": \"view_projects\", \"projectId\": \"e05ab828-6eef-4c8d-afa3-30db421a6f5a\"}',0,'2026-03-13 07:26:26'),('c72739af-2620-41e2-9df5-e26296142110','u3','New Project Assigned','Project Manager has been assigned to \"Test Notification Project\"','{\"type\": \"PM_ASSIGNED\", \"action\": \"view_projects\", \"projectId\": \"d69b9666-e218-4dc7-9319-93838ab825c5\"}',0,'2026-03-12 08:59:18'),('c760374c-ab77-4d82-b8de-28213e9b623f','u1','Work Log Images Added','Site Manoj added 1 image to Floor 1 work log in \"Testing last bug fix\"','{\"type\": \"WORKLOG_IMAGES_ADDED\", \"action\": \"view_projects\", \"projectId\": \"e05ab828-6eef-4c8d-afa3-30db421a6f5a\"}',0,'2026-03-13 09:10:48'),('c77491af-f77a-4589-b2ee-f99242d7fb7e','10fb3610-39ec-4004-badf-af023fdd9412','Project Status Updated','\"Testing last bug fix\" - QUOTATION_GENERATED','{\"type\": \"STATUS_CHANGE\", \"action\": \"view_project\", \"status\": \"QUOTATION_GENERATED\", \"projectId\": \"e05ab828-6eef-4c8d-afa3-30db421a6f5a\"}',0,'2026-03-13 08:28:26'),('c789d080-a2fe-4619-9a1f-3857fe8a14a2','8eb70f63-2401-4d83-98af-36a8e2b6c0a8','Project Status Updated','\"Testing last bug fix\" - Site visit has been completed','{\"type\": \"STATUS_CHANGE\", \"action\": \"view_project\", \"status\": \"VISIT_DONE\", \"projectId\": \"e05ab828-6eef-4c8d-afa3-30db421a6f5a\"}',0,'2026-03-13 08:23:54'),('c81b30e5-3060-4ba1-a1c9-d3dcfeb4eeee','8eb70f63-2401-4d83-98af-36a8e2b6c0a8','Visit Rejected','Site Manoj rejected a visit for \"Testing last bug fix\". Reason: Ek dm dm','{\"type\": \"VISIT_REJECTED\", \"action\": \"view_projects\", \"projectId\": \"e05ab828-6eef-4c8d-afa3-30db421a6f5a\"}',0,'2026-03-13 08:17:48'),('c99ec890-eed1-43bd-904d-52fd9f94f35a','u2','New Project Assigned','Project Manager has been assigned to \"Test Site Assignment Notification\"','{\"type\": \"PM_ASSIGNED\", \"action\": \"view_projects\", \"projectId\": \"8c83dbd5-824f-48a9-b9f1-908fd9b63145\"}',0,'2026-03-12 08:48:56'),('cab05b9f-082f-4629-a3a3-420cf89205b3','82280bf4-651d-43d9-8022-43988252741c','Project Status Updated','\"Test Notification Project\" - Site visit has been completed','{\"type\": \"STATUS_CHANGE\", \"action\": \"view_project\", \"status\": \"VISIT_DONE\", \"projectId\": \"d69b9666-e218-4dc7-9319-93838ab825c5\"}',0,'2026-03-12 09:01:00'),('cafd6406-09a6-47d1-b858-81ae04e9f52d','8eb70f63-2401-4d83-98af-36a8e2b6c0a8','New Project Assigned','Project Manager has been assigned to \"Test Site Assignment Notification\"','{\"type\": \"PM_ASSIGNED\", \"action\": \"view_projects\", \"projectId\": \"8c83dbd5-824f-48a9-b9f1-908fd9b63145\"}',0,'2026-03-12 08:48:56'),('caffbaeb-f75d-4ce7-91ca-5cc19431ff8b','10fb3610-39ec-4004-badf-af023fdd9412','Project Status Updated','\"Testing last bug fix\" - Site visit has been completed','{\"type\": \"STATUS_CHANGE\", \"action\": \"view_project\", \"status\": \"VISIT_DONE\", \"projectId\": \"e05ab828-6eef-4c8d-afa3-30db421a6f5a\"}',0,'2026-03-13 08:23:54'),('cc1664df-66a7-4030-a058-4a61baa70ad4','u1','Visit Rejected','Site Manoj rejected a visit for \"Testing last bug fix\". Reason: Ek ek dm','{\"type\": \"VISIT_REJECTED\", \"action\": \"view_projects\", \"projectId\": \"e05ab828-6eef-4c8d-afa3-30db421a6f5a\"}',0,'2026-03-13 07:52:55'),('ce308a71-0d39-40b6-8d02-9ab1877c604b','u2','New Project Assigned','Project Manager has been assigned to \"Test Notification Fixed\"','{\"type\": \"PM_ASSIGNED\", \"action\": \"view_projects\", \"projectId\": \"99c7c4a9-94c1-43f3-8e01-1ba5d0fa6195\"}',0,'2026-03-12 08:38:49'),('ce8038e1-b607-4dc6-80c9-b3f3c4f67032','10fb3610-39ec-4004-badf-af023fdd9412','Site Plan Uploaded','Main Admin uploaded a site plan for \"Testing last bug fix\"','{\"type\": \"SITE_PLAN_UPLOADED\", \"action\": \"view_site_plans\", \"projectId\": \"e05ab828-6eef-4c8d-afa3-30db421a6f5a\"}',0,'2026-03-13 07:25:15'),('ceb2a65d-da86-4821-b569-7c80f9c6fdaa','u2','New Project Assigned','Project Manager has been assigned to \"Test Site Assignment\"','{\"type\": \"PM_ASSIGNED\", \"action\": \"view_projects\", \"projectId\": \"9bb699db-6df6-4006-8a86-a66b60744bd7\"}',0,'2026-03-12 08:48:31'),('cf9685de-cf43-4ad6-8764-cb49cb01d327','u2','Project Status Updated','\"Test Notification Project\" - CUSTOMER_APPROVED','{\"type\": \"STATUS_CHANGE\", \"action\": \"view_project\", \"status\": \"CUSTOMER_APPROVED\", \"projectId\": \"d69b9666-e218-4dc7-9319-93838ab825c5\"}',0,'2026-03-12 09:05:54'),('d0d06a60-e6a7-4090-b5f9-aad814e9498e','u5','Site Visit Scheduled','Visit scheduled for \"Testing last bug fix\" on 2026-04-01 at 01:00:00','{\"type\": \"VISIT_SCHEDULED\", \"action\": \"view_project\", \"projectId\": \"e05ab828-6eef-4c8d-afa3-30db421a6f5a\"}',0,'2026-03-13 08:23:38'),('d1713e92-da57-4184-8275-9eafbf3790c8','8eb70f63-2401-4d83-98af-36a8e2b6c0a8','New Project Assigned','Project Manager has been assigned to \"Test Site Assignment Notification\"','{\"type\": \"PM_ASSIGNED\", \"action\": \"view_projects\", \"projectId\": \"eb2e62ce-383e-48de-98e1-26078111e248\"}',0,'2026-03-12 08:49:33'),('d18e9907-573e-499a-a7d2-cab870d339fe','u1','Payment Made','Advance payment of ₹20000 has been made for \"Testing last bug fix\"','{\"type\": \"PAYMENT_MADE\", \"action\": \"view_project\", \"projectId\": \"e05ab828-6eef-4c8d-afa3-30db421a6f5a\"}',0,'2026-03-13 08:31:24'),('d2bb332c-e4dc-4e58-a018-1c7a017e3cf2','501da61c-3845-4dc3-bddc-c20287630658','Visit Rejected','Site Manoj rejected a visit for \"Testing last bug fix\". Reason: Final rejection to check notification','{\"type\": \"VISIT_REJECTED\", \"action\": \"view_projects\", \"projectId\": \"e05ab828-6eef-4c8d-afa3-30db421a6f5a\"}',0,'2026-03-13 08:22:43'),('d36cbbf3-6540-4d37-84b6-06d190c986f2','u7','Site Plan Uploaded','Main Admin uploaded a site plan for \"Testing last bug fix\"','{\"type\": \"SITE_PLAN_UPLOADED\", \"action\": \"view_site_plans\", \"projectId\": \"e05ab828-6eef-4c8d-afa3-30db421a6f5a\"}',0,'2026-03-13 07:25:15'),('d3c54bb1-d633-4afd-8df6-45b355f3f972','fcf8accb-21b2-46f2-8f08-a31ab4cb026e','Project Status Updated','\"Testing last bug fix\" - CUSTOMER_APPROVED','{\"type\": \"STATUS_CHANGE\", \"action\": \"view_project\", \"status\": \"CUSTOMER_APPROVED\", \"projectId\": \"e05ab828-6eef-4c8d-afa3-30db421a6f5a\"}',0,'2026-03-13 08:31:11'),('d4568943-bc71-4f3f-8f1a-726f34a7eefd','758104ad-8d77-4c8f-ad72-f66a992a4f8f','Visit Rejected','Site Manoj rejected a visit for \"Testing last bug fix\". Reason: Ek dm dm','{\"type\": \"VISIT_REJECTED\", \"action\": \"view_projects\", \"projectId\": \"e05ab828-6eef-4c8d-afa3-30db421a6f5a\"}',0,'2026-03-13 08:17:48'),('d577a678-6466-475f-bbce-438f6d0e92b0','10fb3610-39ec-4004-badf-af023fdd9412','Payment Verified','Advance payment for \"Testing last bug fix\" has been verified','{\"type\": \"PAYMENT_VERIFIED\", \"action\": \"view_project\", \"projectId\": \"e05ab828-6eef-4c8d-afa3-30db421a6f5a\"}',0,'2026-03-13 08:32:01'),('d5fbc7cd-dea0-4339-9005-94b31dcee1b1','u2','Visit Rejected','Site Manoj rejected a visit for \"Testing last bug fix\". Reason: Ek dm dm','{\"type\": \"VISIT_REJECTED\", \"action\": \"view_projects\", \"projectId\": \"e05ab828-6eef-4c8d-afa3-30db421a6f5a\"}',0,'2026-03-13 08:17:48'),('d6350d0b-03e1-4984-8cfc-051c3e07cb90','758104ad-8d77-4c8f-ad72-f66a992a4f8f','Site Incharge Assigned','Site Incharge has been assigned to \"Test Notification Project\"','{\"type\": \"SITE_ASSIGNED\", \"action\": \"view_projects\", \"projectId\": \"d69b9666-e218-4dc7-9319-93838ab825c5\"}',0,'2026-03-12 09:00:10'),('d66f7371-087d-471b-b7d2-f8447b7d06f2','u5','Site Visit Scheduled','Visit scheduled for \"Test Notification Fixed\" on 2026-03-12 at 14:16:00','{\"type\": \"VISIT_SCHEDULED\", \"action\": \"view_project\", \"projectId\": \"99c7c4a9-94c1-43f3-8e01-1ba5d0fa6195\"}',0,'2026-03-12 08:46:18'),('d721677a-b323-4ddf-95ff-8f80cb79fff8','501da61c-3845-4dc3-bddc-c20287630658','Project Status Updated','\"Testing last bug fix\" - Work has started','{\"type\": \"STATUS_CHANGE\", \"action\": \"view_project\", \"status\": \"WORK_STARTED\", \"projectId\": \"e05ab828-6eef-4c8d-afa3-30db421a6f5a\"}',0,'2026-03-13 08:32:52'),('d7b18eda-c89c-4450-9e61-6427e034dcd5','82280bf4-651d-43d9-8022-43988252741c','New Project Assigned','Project Manager has been assigned to \"Test Site Assignment\"','{\"type\": \"PM_ASSIGNED\", \"action\": \"view_projects\", \"projectId\": \"9bb699db-6df6-4006-8a86-a66b60744bd7\"}',0,'2026-03-12 08:48:31'),('d8601f28-6744-4b79-8938-ef0e01094eff','u2','Work Log Images Added','Site Manoj added 1 image to Floor 1 work log in \"Testing last bug fix\"','{\"type\": \"WORKLOG_IMAGES_ADDED\", \"action\": \"view_projects\", \"projectId\": \"e05ab828-6eef-4c8d-afa3-30db421a6f5a\"}',0,'2026-03-13 09:19:18'),('d869a755-7801-4df0-8b6e-4ce624445a8a','u7','Payment Made','Extra Charge payment of ₹5000.00 has been made for \"Testing last bug fix\"','{\"type\": \"PAYMENT_MADE\", \"action\": \"view_project\", \"projectId\": \"e05ab828-6eef-4c8d-afa3-30db421a6f5a\"}',0,'2026-03-13 08:31:30'),('d9a97f5c-62d6-4c0d-ad4b-fed34e65c26d','501da61c-3845-4dc3-bddc-c20287630658','Site Visit Scheduled','Visit scheduled for \"Testing last bug fix\" on 2026-03-15 at 13:18:00','{\"type\": \"VISIT_SCHEDULED\", \"action\": \"view_project\", \"projectId\": \"e05ab828-6eef-4c8d-afa3-30db421a6f5a\"}',0,'2026-03-13 07:49:05'),('dbcb0525-7048-4958-bdfa-387172f37fe6','8eb70f63-2401-4d83-98af-36a8e2b6c0a8','Site Incharge Assigned','Site Incharge has been assigned to \"Test Site Assignment Notification\"','{\"type\": \"SITE_ASSIGNED\", \"action\": \"view_projects\", \"projectId\": \"eb2e62ce-383e-48de-98e1-26078111e248\"}',0,'2026-03-12 08:49:33'),('dc91309d-49e8-4b24-9632-9694feba0e33','10fb3610-39ec-4004-badf-af023fdd9412','Site Visit Scheduled','Visit scheduled for \"Testing last bug fix\" on 2026-03-13 at 12:56:00','{\"type\": \"VISIT_SCHEDULED\", \"action\": \"view_project\", \"projectId\": \"e05ab828-6eef-4c8d-afa3-30db421a6f5a\"}',0,'2026-03-13 07:26:50'),('ddf8acaf-0137-4bd9-b196-af3ae4f3b3ad','758104ad-8d77-4c8f-ad72-f66a992a4f8f','Project Status Updated','\"Test Notification Project\" - CUSTOMER_APPROVED','{\"type\": \"STATUS_CHANGE\", \"action\": \"view_project\", \"status\": \"CUSTOMER_APPROVED\", \"projectId\": \"d69b9666-e218-4dc7-9319-93838ab825c5\"}',0,'2026-03-12 09:05:54'),('df5a023b-95ef-4303-b255-71f4a5be8878','8eb70f63-2401-4d83-98af-36a8e2b6c0a8','Work Log Images Added','Site Manoj added 1 image to Floor 1 work log in \"Testing last bug fix\"','{\"type\": \"WORKLOG_IMAGES_ADDED\", \"action\": \"view_projects\", \"projectId\": \"e05ab828-6eef-4c8d-afa3-30db421a6f5a\"}',0,'2026-03-13 09:10:48'),('df824b9d-1c71-4a89-a9b7-71ce5f492221','u3','Site Visit Scheduled','Visit scheduled for \"Test Notification Fixed\" on 2026-03-12 at 14:20:00','{\"type\": \"VISIT_SCHEDULED\", \"action\": \"view_project\", \"projectId\": \"99c7c4a9-94c1-43f3-8e01-1ba5d0fa6195\"}',0,'2026-03-12 08:51:35'),('e00ae7cb-b74e-42db-8ca8-d93c66f17ead','fcf8accb-21b2-46f2-8f08-a31ab4cb026e','Visit Rejected','Site Manoj rejected a visit for \"Testing last bug fix\". Reason: Ek ek dm','{\"type\": \"VISIT_REJECTED\", \"action\": \"view_projects\", \"projectId\": \"e05ab828-6eef-4c8d-afa3-30db421a6f5a\"}',0,'2026-03-13 07:52:55'),('e160dcf7-0fc4-488d-8fdf-278e742b605e','10fb3610-39ec-4004-badf-af023fdd9412','Work Log Images Added','Site Manoj added 1 image to Floor 1 work log in \"Testing last bug fix\"','{\"type\": \"WORKLOG_IMAGES_ADDED\", \"action\": \"view_projects\", \"projectId\": \"e05ab828-6eef-4c8d-afa3-30db421a6f5a\"}',0,'2026-03-13 09:19:18'),('e16e8e0e-f5a6-479b-a051-9a38018213d1','u7','Visit Rejected','Site Manoj rejected a visit for \"Testing last bug fix\". Reason: Final rejection to check notification','{\"type\": \"VISIT_REJECTED\", \"action\": \"view_projects\", \"projectId\": \"e05ab828-6eef-4c8d-afa3-30db421a6f5a\"}',0,'2026-03-13 08:22:43'),('e2b76466-ebf0-4742-99bd-2365e282dd7b','8eb70f63-2401-4d83-98af-36a8e2b6c0a8','Site Visit Scheduled','Visit scheduled for \"Test Notification Fixed\" on 2026-03-12 at 14:16:00','{\"type\": \"VISIT_SCHEDULED\", \"action\": \"view_project\", \"projectId\": \"99c7c4a9-94c1-43f3-8e01-1ba5d0fa6195\"}',0,'2026-03-12 08:46:18'),('e352b54c-ecb1-4568-aa12-f02421d3e858','u2','Project Status Updated','\"Testing last bug fix\" - Work has started','{\"type\": \"STATUS_CHANGE\", \"action\": \"view_project\", \"status\": \"WORK_STARTED\", \"projectId\": \"e05ab828-6eef-4c8d-afa3-30db421a6f5a\"}',0,'2026-03-13 08:32:52'),('e399c496-cdb7-4e88-af1f-378d4fb76a25','e6b7ad6e-4e96-473c-ab7c-36e5ee978bf0','New Project Assigned','Project Manager has been assigned to \"Test Notification Project\"','{\"type\": \"PM_ASSIGNED\", \"action\": \"view_projects\", \"projectId\": \"d69b9666-e218-4dc7-9319-93838ab825c5\"}',0,'2026-03-12 08:59:18'),('e4c800d9-1929-46cb-9de7-8074e23e1f3a','758104ad-8d77-4c8f-ad72-f66a992a4f8f','Project Status Updated','\"Testing last bug fix\" - Site visit has been completed','{\"type\": \"STATUS_CHANGE\", \"action\": \"view_project\", \"status\": \"VISIT_DONE\", \"projectId\": \"e05ab828-6eef-4c8d-afa3-30db421a6f5a\"}',0,'2026-03-13 08:23:54'),('e6004163-5961-400b-a88e-b1e6cfb6fa87','e6b7ad6e-4e96-473c-ab7c-36e5ee978bf0','Work Log Images Added','Site Manoj added 1 image to Floor 1 work log in \"Testing last bug fix\"','{\"type\": \"WORKLOG_IMAGES_ADDED\", \"action\": \"view_projects\", \"projectId\": \"e05ab828-6eef-4c8d-afa3-30db421a6f5a\"}',0,'2026-03-13 09:10:48'),('e7b0653d-2000-4afa-8a2f-084e3fde650f','758104ad-8d77-4c8f-ad72-f66a992a4f8f','Visit Rejected','Site Manoj rejected a visit for \"Testing last bug fix\". Reason: Ek ek dm','{\"type\": \"VISIT_REJECTED\", \"action\": \"view_projects\", \"projectId\": \"e05ab828-6eef-4c8d-afa3-30db421a6f5a\"}',0,'2026-03-13 07:52:55'),('e7f974a0-e506-49bb-ae12-b264d91b4cb2','758104ad-8d77-4c8f-ad72-f66a992a4f8f','Site Visit Scheduled','Visit scheduled for \"Testing last bug fix\" on 2026-04-01 at 01:00:00','{\"type\": \"VISIT_SCHEDULED\", \"action\": \"view_project\", \"projectId\": \"e05ab828-6eef-4c8d-afa3-30db421a6f5a\"}',0,'2026-03-13 08:23:39'),('e8a0f968-2d2f-4758-a67c-4002caaf3bb4','e6b7ad6e-4e96-473c-ab7c-36e5ee978bf0','Site Incharge Assigned','Site Incharge has been assigned to \"Test Notification Project\"','{\"type\": \"SITE_ASSIGNED\", \"action\": \"view_projects\", \"projectId\": \"d69b9666-e218-4dc7-9319-93838ab825c5\"}',0,'2026-03-12 09:00:10'),('e9163447-420b-4d65-89eb-dc341459e16f','u5','Site Visit Scheduled','Visit scheduled for \"Testing last bug fix\" on 2026-03-13 at 12:56:00','{\"type\": \"VISIT_SCHEDULED\", \"action\": \"view_project\", \"projectId\": \"e05ab828-6eef-4c8d-afa3-30db421a6f5a\"}',0,'2026-03-13 07:26:50'),('e98e991f-b796-4ead-be56-382f89e7dafc','u1','Project Status Updated','\"Test Notification Project\" - CUSTOMER_APPROVED','{\"type\": \"STATUS_CHANGE\", \"action\": \"view_project\", \"status\": \"CUSTOMER_APPROVED\", \"projectId\": \"d69b9666-e218-4dc7-9319-93838ab825c5\"}',0,'2026-03-12 09:05:54'),('eb08afe6-7938-4e12-aebd-37eab45f6008','758104ad-8d77-4c8f-ad72-f66a992a4f8f','Site Visit Scheduled','Visit scheduled for \"Test Notification Project\" on 2024-12-15 at 10:00','{\"type\": \"VISIT_SCHEDULED\", \"action\": \"view_project\", \"projectId\": \"d69b9666-e218-4dc7-9319-93838ab825c5\"}',0,'2026-03-12 09:00:36'),('eb0beb47-f285-429d-af51-b0215ee116f9','u1','Site Visit Scheduled','Visit scheduled for \"Test Notification Fixed\" on 2026-03-12 at 14:20:00','{\"type\": \"VISIT_SCHEDULED\", \"action\": \"view_project\", \"projectId\": \"99c7c4a9-94c1-43f3-8e01-1ba5d0fa6195\"}',0,'2026-03-12 08:51:35'),('ed454d98-6cf6-4e0e-b7b9-ca2fb71fa740','501da61c-3845-4dc3-bddc-c20287630658','Project Status Updated','\"Testing last bug fix\" - CUSTOMER_APPROVED','{\"type\": \"STATUS_CHANGE\", \"action\": \"view_project\", \"status\": \"CUSTOMER_APPROVED\", \"projectId\": \"e05ab828-6eef-4c8d-afa3-30db421a6f5a\"}',0,'2026-03-13 08:31:11'),('ed681a4f-f85c-4b28-9f3b-afea9695b1f4','u1','Visit Rejected','Site Manoj rejected a visit for \"Testing last bug fix\". Reason: Ek dm dm','{\"type\": \"VISIT_REJECTED\", \"action\": \"view_projects\", \"projectId\": \"e05ab828-6eef-4c8d-afa3-30db421a6f5a\"}',0,'2026-03-13 08:17:48'),('eec2abf7-5ea0-483c-b589-893591abbab2','u3','New Project Assigned','Project Manager has been assigned to \"Test Site Assignment\"','{\"type\": \"PM_ASSIGNED\", \"action\": \"view_projects\", \"projectId\": \"9bb699db-6df6-4006-8a86-a66b60744bd7\"}',0,'2026-03-12 08:48:31'),('eedb4860-01ae-4fed-85b7-ef01d06bf969','u1','New Project Assigned','Project Manager has been assigned to \"Testing last bug fix\"','{\"type\": \"PM_ASSIGNED\", \"action\": \"view_projects\", \"projectId\": \"e05ab828-6eef-4c8d-afa3-30db421a6f5a\"}',0,'2026-03-13 06:33:16'),('ef2346fc-0e18-4f32-af33-38fa67c387e0','u3','Project Status Updated','\"Testing last bug fix\" - QUOTATION_GENERATED','{\"type\": \"STATUS_CHANGE\", \"action\": \"view_project\", \"status\": \"QUOTATION_GENERATED\", \"projectId\": \"e05ab828-6eef-4c8d-afa3-30db421a6f5a\"}',0,'2026-03-13 08:28:26'),('ef3c9b38-3773-4fec-9993-ac7e0cdf2209','u1','Site Incharge Assigned','Site Incharge has been assigned to \"Test Site Assignment Notification\"','{\"type\": \"SITE_ASSIGNED\", \"action\": \"view_projects\", \"projectId\": \"eb2e62ce-383e-48de-98e1-26078111e248\"}',0,'2026-03-12 08:49:33'),('f09f742d-a417-4399-b03c-5e968f3de08a','8eb70f63-2401-4d83-98af-36a8e2b6c0a8','Work Log Images Added','Site Manoj added 1 image to Floor 1 work log in \"Testing last bug fix\"','{\"type\": \"WORKLOG_IMAGES_ADDED\", \"action\": \"view_projects\", \"projectId\": \"e05ab828-6eef-4c8d-afa3-30db421a6f5a\"}',0,'2026-03-13 10:09:05'),('f13fafef-81c2-4425-825e-c8afbc869ad2','u1','Finance Manager Assigned','Finance Manager has been assigned to \"Testing last bug fix\"','{\"type\": \"FINANCE_ASSIGNED\", \"action\": \"view_projects\", \"projectId\": \"2de2c025-256b-4421-a522-463af92c87d0\"}',0,'2026-03-13 06:40:13'),('f1598c2c-2684-4c28-96fa-bb4d47178059','758104ad-8d77-4c8f-ad72-f66a992a4f8f','Work Log Images Added','Site Manoj added 1 image to Floor 1 work log in \"Testing last bug fix\"','{\"type\": \"WORKLOG_IMAGES_ADDED\", \"action\": \"view_projects\", \"projectId\": \"e05ab828-6eef-4c8d-afa3-30db421a6f5a\"}',0,'2026-03-13 09:10:48'),('f1b99700-5597-4e8b-b682-a50c336f301f','u2','Site Incharge Assigned','Site Incharge has been assigned to \"Test Site Assignment Notification\"','{\"type\": \"SITE_ASSIGNED\", \"action\": \"view_projects\", \"projectId\": \"eb2e62ce-383e-48de-98e1-26078111e248\"}',0,'2026-03-12 08:49:33'),('f297cbe1-dd44-4792-a6c6-864144f4698a','82280bf4-651d-43d9-8022-43988252741c','Site Visit Scheduled','Visit scheduled for \"Test Notification Project\" on 2024-12-15 at 10:00','{\"type\": \"VISIT_SCHEDULED\", \"action\": \"view_project\", \"projectId\": \"d69b9666-e218-4dc7-9319-93838ab825c5\"}',0,'2026-03-12 09:00:36'),('f4eb2821-553f-42bf-80ee-b0eac4ab1bc7','82280bf4-651d-43d9-8022-43988252741c','Project Status Updated','\"Test Notification Project\" - QUOTATION_GENERATED','{\"type\": \"STATUS_CHANGE\", \"action\": \"view_project\", \"status\": \"QUOTATION_GENERATED\", \"projectId\": \"d69b9666-e218-4dc7-9319-93838ab825c5\"}',0,'2026-03-12 09:02:14'),('f568552a-71e4-42be-a51f-0e54eaec7231','u2','New Project Assigned','Project Manager has been assigned to \"Testing last bug fix\"','{\"type\": \"PM_ASSIGNED\", \"action\": \"view_projects\", \"projectId\": \"e05ab828-6eef-4c8d-afa3-30db421a6f5a\"}',0,'2026-03-13 06:33:16'),('f586e1ce-c828-4508-b3c0-843105c1a456','10fb3610-39ec-4004-badf-af023fdd9412','Site Incharge Assigned','Site Incharge has been assigned to \"Testing last bug fix\"','{\"type\": \"SITE_ASSIGNED\", \"action\": \"view_projects\", \"projectId\": \"e05ab828-6eef-4c8d-afa3-30db421a6f5a\"}',0,'2026-03-13 07:26:26'),('f67b31fc-21af-455f-9579-4c5cfd0fb31a','8eb70f63-2401-4d83-98af-36a8e2b6c0a8','Site Plan Uploaded','Main Admin uploaded a site plan for \"Testing last bug fix\"','{\"type\": \"SITE_PLAN_UPLOADED\", \"action\": \"view_site_plans\", \"projectId\": \"e05ab828-6eef-4c8d-afa3-30db421a6f5a\"}',0,'2026-03-13 07:25:15'),('f6a2f54a-e7a0-4501-a841-782df1d00b13','758104ad-8d77-4c8f-ad72-f66a992a4f8f','Site Incharge Assigned','Site Incharge has been assigned to \"Testing last bug fix\"','{\"type\": \"SITE_ASSIGNED\", \"action\": \"view_projects\", \"projectId\": \"e05ab828-6eef-4c8d-afa3-30db421a6f5a\"}',0,'2026-03-13 07:26:26'),('f6dd0d7c-ec00-4efc-8f3e-1dbed7740e20','82280bf4-651d-43d9-8022-43988252741c','New Project Assigned','Project Manager has been assigned to \"Test Notification Project\"','{\"type\": \"PM_ASSIGNED\", \"action\": \"view_projects\", \"projectId\": \"d69b9666-e218-4dc7-9319-93838ab825c5\"}',0,'2026-03-12 08:59:18'),('f7fa6f7c-60f2-473f-84ea-52337d1bd709','u1','New Project Assigned','Project Manager has been assigned to \"Test Site Assignment Notification\"','{\"type\": \"PM_ASSIGNED\", \"action\": \"view_projects\", \"projectId\": \"eb2e62ce-383e-48de-98e1-26078111e248\"}',0,'2026-03-12 08:49:33'),('f8d78e56-daa7-44a2-ae79-2c282abe918e','758104ad-8d77-4c8f-ad72-f66a992a4f8f','Project Status Updated','\"Testing last bug fix\" - CUSTOMER_APPROVED','{\"type\": \"STATUS_CHANGE\", \"action\": \"view_project\", \"status\": \"CUSTOMER_APPROVED\", \"projectId\": \"e05ab828-6eef-4c8d-afa3-30db421a6f5a\"}',0,'2026-03-13 08:31:11'),('f96d67d8-b6c1-4450-82ab-e1775b046889','u3','Work Log Images Added','Site Manoj added 1 image to Floor 1 work log in \"Testing last bug fix\"','{\"type\": \"WORKLOG_IMAGES_ADDED\", \"action\": \"view_projects\", \"projectId\": \"e05ab828-6eef-4c8d-afa3-30db421a6f5a\"}',0,'2026-03-13 09:10:48'),('f9dc8808-948b-40c5-8249-1dd31d7ea7b2','10fb3610-39ec-4004-badf-af023fdd9412','Site Visit Scheduled','Visit scheduled for \"Testing last bug fix\" on 2026-03-15 at 13:18:00','{\"type\": \"VISIT_SCHEDULED\", \"action\": \"view_project\", \"projectId\": \"e05ab828-6eef-4c8d-afa3-30db421a6f5a\"}',0,'2026-03-13 07:49:05'),('faf352e9-5610-4050-8e85-9a8aab21a77b','8eb70f63-2401-4d83-98af-36a8e2b6c0a8','Visit Rejected','Site Manoj rejected a visit for \"Testing last bug fix\". Reason: Final rejection to check notification','{\"type\": \"VISIT_REJECTED\", \"action\": \"view_projects\", \"projectId\": \"e05ab828-6eef-4c8d-afa3-30db421a6f5a\"}',0,'2026-03-13 08:22:43'),('fba65838-0528-4560-972c-3094330f4e7d','u5','Site Visit Scheduled','Visit scheduled for \"Test Notification Project\" on 2024-12-15 at 10:00','{\"type\": \"VISIT_SCHEDULED\", \"action\": \"view_project\", \"projectId\": \"d69b9666-e218-4dc7-9319-93838ab825c5\"}',0,'2026-03-12 09:00:36'),('fc0eff7b-ae29-4d3e-aa81-9c2268316d1c','u9','Project Status Updated','\"Test Notification Project\" - Site visit has been completed','{\"type\": \"STATUS_CHANGE\", \"action\": \"view_project\", \"status\": \"VISIT_DONE\", \"projectId\": \"d69b9666-e218-4dc7-9319-93838ab825c5\"}',0,'2026-03-12 09:01:00'),('fcb742ed-c3f6-4296-b2b3-d6167f6db114','u1','Project Status Updated','\"Testing last bug fix\" - Site visit has been completed','{\"type\": \"STATUS_CHANGE\", \"action\": \"view_project\", \"status\": \"VISIT_DONE\", \"projectId\": \"e05ab828-6eef-4c8d-afa3-30db421a6f5a\"}',0,'2026-03-13 08:23:54'),('ff2eb057-2857-4b05-b187-ce5779b4ed14','e6b7ad6e-4e96-473c-ab7c-36e5ee978bf0','Site Incharge Assigned','Site Incharge has been assigned to \"Testing last bug fix\"','{\"type\": \"SITE_ASSIGNED\", \"action\": \"view_projects\", \"projectId\": \"e05ab828-6eef-4c8d-afa3-30db421a6f5a\"}',0,'2026-03-13 07:26:26'),('ff4a543a-a03d-477c-aae2-927da8ae1e4d','fcf8accb-21b2-46f2-8f08-a31ab4cb026e','New Project Assigned','Project Manager has been assigned to \"Testing last bug fix\"','{\"type\": \"PM_ASSIGNED\", \"action\": \"view_projects\", \"projectId\": \"e05ab828-6eef-4c8d-afa3-30db421a6f5a\"}',0,'2026-03-13 06:33:16'),('ffa88b4d-e80b-4020-949d-1a6f8d51763c','u9','New Project Assigned','Project Manager has been assigned to \"Test Site Assignment Notification\"','{\"type\": \"PM_ASSIGNED\", \"action\": \"view_projects\", \"projectId\": \"eb2e62ce-383e-48de-98e1-26078111e248\"}',0,'2026-03-12 08:49:33');
/*!40000 ALTER TABLE `notifications` ENABLE KEYS */;
UNLOCK TABLES;

--
-- Table structure for table `password_reset_otps`
--

DROP TABLE IF EXISTS `password_reset_otps`;
/*!40101 SET @saved_cs_client     = @@character_set_client */;
/*!50503 SET character_set_client = utf8mb4 */;
CREATE TABLE `password_reset_otps` (
  `id` char(36) COLLATE utf8mb4_general_ci NOT NULL,
  `user_id` char(36) COLLATE utf8mb4_general_ci NOT NULL,
  `otp` varchar(6) COLLATE utf8mb4_general_ci NOT NULL,
  `expires_at` timestamp NOT NULL DEFAULT CURRENT_TIMESTAMP ON UPDATE CURRENT_TIMESTAMP,
  `used` tinyint(1) DEFAULT '0',
  `created_at` timestamp NOT NULL DEFAULT CURRENT_TIMESTAMP,
  PRIMARY KEY (`id`),
  KEY `idx_otp_user` (`user_id`),
  KEY `idx_otp_code` (`otp`),
  CONSTRAINT `password_reset_otps_ibfk_1` FOREIGN KEY (`user_id`) REFERENCES `users` (`id`) ON DELETE CASCADE
) ENGINE=InnoDB DEFAULT CHARSET=utf8mb4 COLLATE=utf8mb4_general_ci;
/*!40101 SET character_set_client = @saved_cs_client */;

--
-- Dumping data for table `password_reset_otps`
--

LOCK TABLES `password_reset_otps` WRITE;
/*!40000 ALTER TABLE `password_reset_otps` DISABLE KEYS */;
INSERT INTO `password_reset_otps` VALUES ('9929bbd5-ee39-4e82-ae44-73cc08d99419','6074e338-4bc4-439b-9c63-37129e37b8b8','955501','2026-02-25 09:19:20',1,'2026-02-25 09:18:33'),('c0873877-404a-449c-bbd2-17bf29c08318','82280bf4-651d-43d9-8022-43988252741c','687565','2026-02-25 09:17:18',1,'2026-02-25 09:16:45');
/*!40000 ALTER TABLE `password_reset_otps` ENABLE KEYS */;
UNLOCK TABLES;

--
-- Table structure for table `payments`
--

DROP TABLE IF EXISTS `payments`;
/*!40101 SET @saved_cs_client     = @@character_set_client */;
/*!50503 SET character_set_client = utf8mb4 */;
CREATE TABLE `payments` (
  `id` char(36) COLLATE utf8mb4_general_ci NOT NULL,
  `project_id` char(36) COLLATE utf8mb4_general_ci NOT NULL,
  `amount` decimal(12,2) NOT NULL,
  `type` enum('advance','final','extra') COLLATE utf8mb4_general_ci NOT NULL,
  `payment_method` enum('cash','bank') COLLATE utf8mb4_general_ci DEFAULT NULL,
  `upi_id` varchar(100) COLLATE utf8mb4_general_ci DEFAULT NULL,
  `description` text COLLATE utf8mb4_general_ci,
  `created_by` char(36) COLLATE utf8mb4_general_ci DEFAULT NULL,
  `status` enum('pending','completed') COLLATE utf8mb4_general_ci DEFAULT 'pending',
  `verified_by` char(36) COLLATE utf8mb4_general_ci DEFAULT NULL,
  `verified_at` timestamp NULL DEFAULT NULL,
  `created_at` timestamp NOT NULL DEFAULT CURRENT_TIMESTAMP,
  PRIMARY KEY (`id`),
  KEY `verified_by` (`verified_by`),
  KEY `idx_payments_project` (`project_id`),
  KEY `created_by` (`created_by`),
  CONSTRAINT `payments_ibfk_1` FOREIGN KEY (`project_id`) REFERENCES `projects` (`id`) ON DELETE CASCADE,
  CONSTRAINT `payments_ibfk_2` FOREIGN KEY (`verified_by`) REFERENCES `users` (`id`) ON DELETE SET NULL,
  CONSTRAINT `payments_ibfk_3` FOREIGN KEY (`created_by`) REFERENCES `users` (`id`) ON DELETE SET NULL
) ENGINE=InnoDB DEFAULT CHARSET=utf8mb4 COLLATE=utf8mb4_general_ci;
/*!40101 SET character_set_client = @saved_cs_client */;

--
-- Dumping data for table `payments`
--

LOCK TABLES `payments` WRITE;
/*!40000 ALTER TABLE `payments` DISABLE KEYS */;
INSERT INTO `payments` VALUES ('0a4e5d6a-25d1-4b68-99bf-0b27010d1533','2591b94c-43d1-45e1-8590-6d62c8ba1369',12.00,'extra','cash',NULL,'Dfg','u8','completed','u8','2026-03-03 04:11:27','2026-03-03 04:10:36'),('2ffded40-c0ef-4407-8e8d-2c630a449aa6','c1e63a09-4d34-429c-9b4a-921844d3e52a',100.00,'extra','cash',NULL,'Helodilla','u7','completed','u7','2026-02-25 07:26:39','2026-02-25 07:25:53'),('545a354e-a9d6-46f1-95e1-4de8aad8cdc0','135b0ded-37a4-4389-94e2-371aba6fc438',15.00,'final','cash',NULL,NULL,NULL,'completed','u7','2026-02-28 06:10:23','2026-02-28 06:09:52'),('59e3491d-f792-4595-b44c-43058ae5ebe7','e05ab828-6eef-4c8d-afa3-30db421a6f5a',5000.00,'extra','cash',NULL,'Other charges','u7','completed','u7','2026-03-13 08:31:54','2026-03-13 08:28:44'),('65306802-4333-4a82-9f1c-fe7c9e5d3c0f','135b0ded-37a4-4389-94e2-371aba6fc438',15.00,'final','cash',NULL,NULL,NULL,'completed','u7','2026-02-28 06:10:25','2026-02-28 06:08:35'),('65f7a6aa-855e-4d2c-a64b-16593aeb21cf','135b0ded-37a4-4389-94e2-371aba6fc438',20.00,'extra','cash',NULL,'Extra katbeku','u7','completed','u7','2026-02-28 05:30:36','2026-02-28 05:28:14'),('71a65b61-3484-47db-829f-37d91f94ed54','bbb02993-b845-4eb3-9fa2-26cd462475d2',2.00,'advance','cash',NULL,NULL,NULL,'completed','u7','2026-02-27 06:46:01','2026-02-27 06:32:42'),('7566dfc2-31ae-4fb9-9c1b-cf4c42ec2e79','c1e63a09-4d34-429c-9b4a-921844d3e52a',125.00,'extra','cash',NULL,'Bshsjdj','u7','completed','u7','2026-02-25 07:22:25','2026-02-25 06:37:46'),('8618f4c6-2b03-4bf3-b5e2-f84736464a08','a8a2e8c5-2a1e-4439-8147-395a2669c47d',6.99,'final','cash',NULL,NULL,NULL,'completed','u8','2026-03-02 08:40:20','2026-03-02 08:40:01'),('92b110fa-a2cb-4c2c-b60d-edfeeae4877c','a8a2e8c5-2a1e-4439-8147-395a2669c47d',5.00,'advance','cash',NULL,NULL,NULL,'completed','u8','2026-03-02 08:22:48','2026-03-02 08:13:30'),('96ea59ac-2ffc-4eaf-bccf-734b845d28ef','e05ab828-6eef-4c8d-afa3-30db421a6f5a',20000.00,'advance','cash',NULL,NULL,NULL,'completed','u7','2026-03-13 08:32:00','2026-03-13 08:31:23'),('9c4c83ca-766b-4a14-b62d-c224400702db','bbb02993-b845-4eb3-9fa2-26cd462475d2',21.00,'final','cash',NULL,NULL,NULL,'completed','u7','2026-02-27 06:56:02','2026-02-27 06:55:39'),('a9480b85-e21b-41e7-82bd-f3bdc5c5e87d','135b0ded-37a4-4389-94e2-371aba6fc438',15.00,'final','cash',NULL,NULL,NULL,'completed','u7','2026-02-28 06:10:21','2026-02-28 06:08:32'),('af9c6a19-1d87-4dc2-998a-e3ef0c03ab32','c1e63a09-4d34-429c-9b4a-921844d3e52a',84912.00,'final','cash',NULL,NULL,NULL,'completed','u7','2026-02-25 06:23:07','2026-02-25 06:22:47'),('bfa9fc86-a756-4e6c-a78d-2f8c88a82867','a8a2e8c5-2a1e-4439-8147-395a2669c47d',20.00,'extra','cash',NULL,'extra katbeku','u8','completed','u8','2026-03-02 08:36:27','2026-03-02 08:35:39'),('c26a2a04-ace6-42a7-bbc6-b3fe34111983','135b0ded-37a4-4389-94e2-371aba6fc438',10.00,'advance','cash',NULL,NULL,NULL,'completed','u7','2026-02-28 05:27:36','2026-02-28 05:27:12'),('c9d27569-3b4f-4c9b-920f-8e8217278242','2591b94c-43d1-45e1-8590-6d62c8ba1369',10.00,'advance','cash',NULL,NULL,NULL,'completed','u8','2026-03-03 04:10:19','2026-03-03 04:09:53'),('ca37a532-44a2-4c17-b578-bf70db6eca8b','a8a2e8c5-2a1e-4439-8147-395a2669c47d',6.99,'final','cash',NULL,NULL,NULL,'pending',NULL,NULL,'2026-03-02 08:39:46'),('d95d1d3e-19fc-4117-81f0-7d9c2cd94994','c1e63a09-4d34-429c-9b4a-921844d3e52a',12000.00,'advance','cash',NULL,NULL,NULL,'completed','u7','2026-02-25 05:08:04','2026-02-25 05:07:35'),('f380728a-224c-44cd-b02b-0ca0451e1c79','2591b94c-43d1-45e1-8590-6d62c8ba1369',7.00,'final','cash',NULL,NULL,NULL,'completed','u8','2026-03-03 04:15:12','2026-03-03 04:14:49'),('f7d4e3ee-5e1e-406b-822e-dd5b118cde66','135b0ded-37a4-4389-94e2-371aba6fc438',15.00,'final','cash',NULL,NULL,NULL,'completed','u7','2026-02-28 06:10:28','2026-02-28 06:10:02');
/*!40000 ALTER TABLE `payments` ENABLE KEYS */;
UNLOCK TABLES;

--
-- Table structure for table `projects`
--

DROP TABLE IF EXISTS `projects`;
/*!40101 SET @saved_cs_client     = @@character_set_client */;
/*!50503 SET character_set_client = utf8mb4 */;
CREATE TABLE `projects` (
  `id` char(36) COLLATE utf8mb4_general_ci NOT NULL,
  `customer_id` char(36) COLLATE utf8mb4_general_ci NOT NULL,
  `pm_id` char(36) COLLATE utf8mb4_general_ci DEFAULT NULL,
  `site_id` char(36) COLLATE utf8mb4_general_ci DEFAULT NULL,
  `finance_id` char(36) COLLATE utf8mb4_general_ci DEFAULT NULL,
  `name` varchar(150) COLLATE utf8mb4_general_ci NOT NULL,
  `location` text COLLATE utf8mb4_general_ci NOT NULL,
  `status` enum('CREATED','PM_ASSIGNED','VISIT_DONE','REPORT_SUBMITTED','QUOTATION_GENERATED','CUSTOMER_APPROVED','ADVANCE_PENDING','ADVANCE_PAID','WORK_STARTED','COMPLETED','FINAL_PAID','CLOSED') COLLATE utf8mb4_general_ci DEFAULT 'CREATED',
  `created_at` timestamp NOT NULL DEFAULT CURRENT_TIMESTAMP,
  PRIMARY KEY (`id`),
  KEY `idx_projects_customer` (`customer_id`),
  KEY `idx_projects_pm` (`pm_id`),
  KEY `idx_projects_site` (`site_id`),
  KEY `idx_projects_finance` (`finance_id`),
  KEY `idx_projects_status` (`status`),
  CONSTRAINT `projects_ibfk_1` FOREIGN KEY (`customer_id`) REFERENCES `users` (`id`),
  CONSTRAINT `projects_ibfk_2` FOREIGN KEY (`pm_id`) REFERENCES `users` (`id`) ON DELETE SET NULL,
  CONSTRAINT `projects_ibfk_3` FOREIGN KEY (`site_id`) REFERENCES `users` (`id`) ON DELETE SET NULL,
  CONSTRAINT `projects_ibfk_4` FOREIGN KEY (`finance_id`) REFERENCES `users` (`id`) ON DELETE SET NULL
) ENGINE=InnoDB DEFAULT CHARSET=utf8mb4 COLLATE=utf8mb4_general_ci;
/*!40101 SET character_set_client = @saved_cs_client */;

--
-- Dumping data for table `projects`
--

LOCK TABLES `projects` WRITE;
/*!40000 ALTER TABLE `projects` DISABLE KEYS */;
INSERT INTO `projects` VALUES ('053b7b02-1d50-4def-9a1f-57e5dc9122b0','501da61c-3845-4dc3-bddc-c20287630658',NULL,NULL,'u7','New project','Nammuru','CREATED','2026-02-23 09:52:01'),('135b0ded-37a4-4389-94e2-371aba6fc438','501da61c-3845-4dc3-bddc-c20287630658','u4','u5','u7','Bs','Sbh','CLOSED','2026-02-28 05:21:07'),('1852d30c-d0de-4d43-b534-c371dc3f3a1b','501da61c-3845-4dc3-bddc-c20287630658','u3',NULL,NULL,'Gghhthhh','Ghh','PM_ASSIGNED','2026-03-12 11:32:31'),('2591b94c-43d1-45e1-8590-6d62c8ba1369','501da61c-3845-4dc3-bddc-c20287630658','u3','u5','u8','Sibi','Office','FINAL_PAID','2026-03-03 04:03:37'),('2de2c025-256b-4421-a522-463af92c87d0','501da61c-3845-4dc3-bddc-c20287630658','u3',NULL,'u7','Testing last bug fix','Davangere','PM_ASSIGNED','2026-03-13 06:29:03'),('81f31172-be72-49af-b7f9-ad8abbf7e660','u9','u3',NULL,NULL,'Test Notification Project - 2:05:47 pm','Test Location for Notifications','PM_ASSIGNED','2026-03-12 08:35:47'),('8539f4a8-a692-4e67-a9af-371043539fcf','501da61c-3845-4dc3-bddc-c20287630658','u3',NULL,NULL,'Test2','Dvg','PM_ASSIGNED','2026-03-12 07:19:15'),('8c83dbd5-824f-48a9-b9f1-908fd9b63145','u9','u3',NULL,NULL,'Test Site Assignment Notification','Test Location','PM_ASSIGNED','2026-03-12 08:48:55'),('99c7c4a9-94c1-43f3-8e01-1ba5d0fa6195','u9','u3','u5',NULL,'Test Notification Fixed','Test Location','PM_ASSIGNED','2026-03-12 08:38:48'),('9bb699db-6df6-4006-8a86-a66b60744bd7','u9','u3',NULL,NULL,'Test Site Assignment','Test Location','PM_ASSIGNED','2026-03-12 08:48:30'),('a17cf034-5c9b-4cd0-bade-367c0e25f8d5','u9','u3',NULL,NULL,'Test Notification Project','Test Location','PM_ASSIGNED','2026-03-12 08:37:12'),('a8a2e8c5-2a1e-4439-8147-395a2669c47d','501da61c-3845-4dc3-bddc-c20287630658','u4','u5','u8','web project','laptop','CLOSED','2026-03-02 04:56:22'),('af9a8f80-23d8-48d5-8108-a18ea911a5db','501da61c-3845-4dc3-bddc-c20287630658',NULL,NULL,NULL,'Testing bug from customer creating project','Davangere','CREATED','2026-03-13 09:43:01'),('b7abd319-c61f-4e89-99d3-b9a6d6283762','501da61c-3845-4dc3-bddc-c20287630658','u3',NULL,NULL,'Test','Dvg','PM_ASSIGNED','2026-03-12 06:53:23'),('b9c725c1-088f-4dab-acd8-b3166042a4f2','501da61c-3845-4dc3-bddc-c20287630658','u3',NULL,NULL,'Test3 notification','Dvg','PM_ASSIGNED','2026-03-12 07:19:48'),('bbb02993-b845-4eb3-9fa2-26cd462475d2','501da61c-3845-4dc3-bddc-c20287630658','u3','u5','u7','Chethan','Durga','CLOSED','2026-02-27 05:46:41'),('c1e63a09-4d34-429c-9b4a-921844d3e52a','501da61c-3845-4dc3-bddc-c20287630658','u3','u5','u7','Project 123','Davanagere','CLOSED','2026-02-23 10:13:24'),('d2e2558e-8ce9-46df-a154-e0d9ba1e7ce4','501da61c-3845-4dc3-bddc-c20287630658',NULL,NULL,NULL,'Test Audit Logs Project','Test Location','CREATED','2026-03-12 11:36:14'),('d69b9666-e218-4dc7-9319-93838ab825c5','u9','u3','u5',NULL,'Test Notification Project','Test Location','CUSTOMER_APPROVED','2026-03-12 08:59:17'),('e05ab828-6eef-4c8d-afa3-30db421a6f5a','501da61c-3845-4dc3-bddc-c20287630658','u3','u5','u7','Testing last bug fix','Davangere','WORK_STARTED','2026-03-13 06:33:16'),('eb2e62ce-383e-48de-98e1-26078111e248','u9','u3','u5',NULL,'Test Site Assignment Notification','Test Location','PM_ASSIGNED','2026-03-12 08:49:33'),('ede78186-fb79-4b26-b4b2-0f98eb1f82a2','501da61c-3845-4dc3-bddc-c20287630658','u3',NULL,NULL,'Gghhthhh','Ghh','PM_ASSIGNED','2026-03-12 11:32:34');
/*!40000 ALTER TABLE `projects` ENABLE KEYS */;
UNLOCK TABLES;

--
-- Table structure for table `push_tokens`
--

DROP TABLE IF EXISTS `push_tokens`;
/*!40101 SET @saved_cs_client     = @@character_set_client */;
/*!50503 SET character_set_client = utf8mb4 */;
CREATE TABLE `push_tokens` (
  `id` varchar(36) NOT NULL,
  `user_id` varchar(36) NOT NULL,
  `push_token` varchar(255) NOT NULL,
  `device_type` varchar(20) NOT NULL,
  `created_at` timestamp NULL DEFAULT CURRENT_TIMESTAMP,
  `updated_at` timestamp NULL DEFAULT CURRENT_TIMESTAMP ON UPDATE CURRENT_TIMESTAMP,
  PRIMARY KEY (`id`),
  UNIQUE KEY `push_token` (`push_token`),
  KEY `idx_user_id` (`user_id`),
  KEY `idx_push_token` (`push_token`)
) ENGINE=InnoDB DEFAULT CHARSET=utf8mb4 COLLATE=utf8mb4_0900_ai_ci;
/*!40101 SET character_set_client = @saved_cs_client */;

--
-- Dumping data for table `push_tokens`
--

LOCK TABLES `push_tokens` WRITE;
/*!40000 ALTER TABLE `push_tokens` DISABLE KEYS */;
INSERT INTO `push_tokens` VALUES ('596794a2-bf04-4826-9e09-e990cc69b846','u1','ExponentPushToken[eXp4wkHnLj7uOvaV66I8ig]','android','2026-03-12 11:32:55','2026-03-12 11:32:55'),('a58e9ad4-25bb-422e-b017-1b2bc3f08791','u5','ExponentPushToken[SwosS7NxzeejWwYpApP0Um]','android','2026-03-13 09:45:30','2026-03-13 10:11:58'),('bdad3af3-989b-4d39-984e-5a67f5b20644','u3','ExponentPushToken[g1BHB_P2v2YjUPmJcTh2a9]','android','2026-03-12 08:45:18','2026-03-12 08:45:18'),('d47ddf2e-12db-418a-a32e-b97e36e8591c','u2','ExponentPushToken[test123]','android','2026-03-12 06:49:53','2026-03-12 06:49:53');
/*!40000 ALTER TABLE `push_tokens` ENABLE KEYS */;
UNLOCK TABLES;

--
-- Table structure for table `quotations`
--

DROP TABLE IF EXISTS `quotations`;
/*!40101 SET @saved_cs_client     = @@character_set_client */;
/*!50503 SET character_set_client = utf8mb4 */;
CREATE TABLE `quotations` (
  `id` char(36) COLLATE utf8mb4_general_ci NOT NULL,
  `project_id` char(36) COLLATE utf8mb4_general_ci NOT NULL,
  `material_cost` decimal(12,2) DEFAULT '0.00',
  `labour_cost` decimal(12,2) DEFAULT '0.00',
  `transport_cost` decimal(12,2) DEFAULT '0.00',
  `other_cost` decimal(12,2) DEFAULT '0.00',
  `total_cost` decimal(12,2) NOT NULL,
  `advance_amount` decimal(12,2) DEFAULT '0.00',
  `generated_by` char(36) COLLATE utf8mb4_general_ci NOT NULL,
  `approved` tinyint(1) DEFAULT '0',
  `approved_at` timestamp NULL DEFAULT NULL,
  `created_at` timestamp NOT NULL DEFAULT CURRENT_TIMESTAMP,
  PRIMARY KEY (`id`),
  KEY `generated_by` (`generated_by`),
  KEY `idx_quotation_project` (`project_id`),
  CONSTRAINT `quotations_ibfk_1` FOREIGN KEY (`project_id`) REFERENCES `projects` (`id`) ON DELETE CASCADE,
  CONSTRAINT `quotations_ibfk_2` FOREIGN KEY (`generated_by`) REFERENCES `users` (`id`)
) ENGINE=InnoDB DEFAULT CHARSET=utf8mb4 COLLATE=utf8mb4_general_ci;
/*!40101 SET character_set_client = @saved_cs_client */;

--
-- Dumping data for table `quotations`
--

LOCK TABLES `quotations` WRITE;
/*!40000 ALTER TABLE `quotations` DISABLE KEYS */;
INSERT INTO `quotations` VALUES ('276d8fce-514d-49de-b636-38f248e29f8f','a8a2e8c5-2a1e-4439-8147-395a2669c47d',3.00,3.00,3.00,2.99,11.99,5.00,'u8',1,'2026-03-02 07:27:13','2026-03-02 07:13:07'),('3763a4c1-5fa9-4eed-bb90-12bae2735c71','2591b94c-43d1-45e1-8590-6d62c8ba1369',2.00,2.00,5.00,8.00,17.00,10.00,'u8',1,'2026-03-03 04:09:14','2026-03-03 04:08:13'),('429b7807-fc4d-4145-ad55-1a57138849c1','bbb02993-b845-4eb3-9fa2-26cd462475d2',5.00,5.00,5.00,8.00,23.00,2.00,'u7',1,'2026-02-27 06:32:15','2026-02-27 06:31:29'),('71a154e9-0daa-460d-a89c-ce5a7b4f6568','d69b9666-e218-4dc7-9319-93838ab825c5',50000.00,30000.00,5000.00,5000.00,90000.00,30000.00,'u7',0,NULL,'2026-03-12 09:02:13'),('a7683ae6-07f6-45a9-bea0-78c7681e0d01','c1e63a09-4d34-429c-9b4a-921844d3e52a',1223.00,1248.00,84946.00,9495.00,96912.00,0.00,'u7',1,'2026-02-25 04:58:42','2026-02-25 04:46:26'),('d4456383-5ff9-46b7-a788-7575ecb3fb28','e05ab828-6eef-4c8d-afa3-30db421a6f5a',50000.00,10000.00,5000.00,2000.00,67000.00,20000.00,'u7',1,'2026-03-13 08:31:10','2026-03-13 08:28:25'),('ec0ccd5d-6ba4-4e26-82ae-c86118f51387','135b0ded-37a4-4389-94e2-371aba6fc438',2.00,5.00,8.00,10.00,25.00,10.00,'u7',1,'2026-02-28 05:27:01','2026-02-28 05:26:30');
/*!40000 ALTER TABLE `quotations` ENABLE KEYS */;
UNLOCK TABLES;

--
-- Table structure for table `signatures`
--

DROP TABLE IF EXISTS `signatures`;
/*!40101 SET @saved_cs_client     = @@character_set_client */;
/*!50503 SET character_set_client = utf8mb4 */;
CREATE TABLE `signatures` (
  `id` varchar(36) COLLATE utf8mb4_general_ci NOT NULL,
  `project_id` varchar(36) COLLATE utf8mb4_general_ci NOT NULL,
  `customer_id` varchar(36) COLLATE utf8mb4_general_ci NOT NULL,
  `signature_path` varchar(255) COLLATE utf8mb4_general_ci NOT NULL,
  `signature_type` enum('drawn','uploaded') COLLATE utf8mb4_general_ci NOT NULL DEFAULT 'uploaded',
  `signed_at` timestamp NOT NULL DEFAULT CURRENT_TIMESTAMP,
  `created_at` timestamp NOT NULL DEFAULT CURRENT_TIMESTAMP,
  PRIMARY KEY (`id`),
  UNIQUE KEY `unique_project_signature` (`project_id`),
  KEY `customer_id` (`customer_id`),
  CONSTRAINT `signatures_ibfk_1` FOREIGN KEY (`project_id`) REFERENCES `projects` (`id`) ON DELETE CASCADE,
  CONSTRAINT `signatures_ibfk_2` FOREIGN KEY (`customer_id`) REFERENCES `users` (`id`) ON DELETE CASCADE
) ENGINE=InnoDB DEFAULT CHARSET=utf8mb4 COLLATE=utf8mb4_general_ci;
/*!40101 SET character_set_client = @saved_cs_client */;

--
-- Dumping data for table `signatures`
--

LOCK TABLES `signatures` WRITE;
/*!40000 ALTER TABLE `signatures` DISABLE KEYS */;
INSERT INTO `signatures` VALUES ('2e742c36-ef0e-4066-9b1f-ff83ebb00963','b7abd319-c61f-4e89-99d3-b9a6d6283762','501da61c-3845-4dc3-bddc-c20287630658','uploads/signatures/signature-1773298568773-27114772.png','uploaded','2026-03-12 06:56:08','2026-03-12 06:56:08'),('531aeb09-4665-4996-99a8-0f485e18a374','135b0ded-37a4-4389-94e2-371aba6fc438','501da61c-3845-4dc3-bddc-c20287630658','uploads/signatures/signature-1772257072807-56669107.png','uploaded','2026-02-28 05:37:52','2026-02-28 05:37:52'),('577b9fda-3056-4087-9fde-4e8751813682','bbb02993-b845-4eb3-9fa2-26cd462475d2','501da61c-3845-4dc3-bddc-c20287630658','C:/Users/CHETHAN RAJ C/Desktop/myconcrete_v2/myconcrete_v2/backend/uploads/signatures/signature-1772175328364-906801646.jpeg','uploaded','2026-02-27 06:55:28','2026-02-27 06:55:28'),('9d6a504b-6144-4890-9cad-e2e6f5800eed','e05ab828-6eef-4c8d-afa3-30db421a6f5a','501da61c-3845-4dc3-bddc-c20287630658','uploads/signatures/signature-1773395683822-878080016.png','uploaded','2026-03-13 09:54:43','2026-03-13 09:54:43'),('d688a303-7709-46ea-a138-6027b3a4d60d','2591b94c-43d1-45e1-8590-6d62c8ba1369','501da61c-3845-4dc3-bddc-c20287630658','uploads/signatures/signature-1772511257675-585809906.png','uploaded','2026-03-03 04:14:17','2026-03-03 04:14:17');
/*!40000 ALTER TABLE `signatures` ENABLE KEYS */;
UNLOCK TABLES;

--
-- Table structure for table `site_plans`
--

DROP TABLE IF EXISTS `site_plans`;
/*!40101 SET @saved_cs_client     = @@character_set_client */;
/*!50503 SET character_set_client = utf8mb4 */;
CREATE TABLE `site_plans` (
  `id` int NOT NULL AUTO_INCREMENT,
  `project_id` char(36) CHARACTER SET utf8mb4 COLLATE utf8mb4_general_ci NOT NULL,
  `file_path` varchar(500) COLLATE utf8mb4_general_ci NOT NULL,
  `uploaded_by` char(36) CHARACTER SET utf8mb4 COLLATE utf8mb4_general_ci NOT NULL,
  `file_name` varchar(255) COLLATE utf8mb4_general_ci NOT NULL,
  `file_size` int NOT NULL,
  `uploaded_at` timestamp NULL DEFAULT CURRENT_TIMESTAMP,
  PRIMARY KEY (`id`)
) ENGINE=InnoDB AUTO_INCREMENT=9 DEFAULT CHARSET=utf8mb4 COLLATE=utf8mb4_general_ci;
/*!40101 SET character_set_client = @saved_cs_client */;

--
-- Dumping data for table `site_plans`
--

LOCK TABLES `site_plans` WRITE;
/*!40000 ALTER TABLE `site_plans` DISABLE KEYS */;
INSERT INTO `site_plans` VALUES (8,'e05ab828-6eef-4c8d-afa3-30db421a6f5a','/uploads/plans/8545786202-1773386714068-834219237.pdf','u2','8545786202.pdf',269832,'2026-03-13 07:25:14');
/*!40000 ALTER TABLE `site_plans` ENABLE KEYS */;
UNLOCK TABLES;

--
-- Table structure for table `site_reports`
--

DROP TABLE IF EXISTS `site_reports`;
/*!40101 SET @saved_cs_client     = @@character_set_client */;
/*!50503 SET character_set_client = utf8mb4 */;
CREATE TABLE `site_reports` (
  `id` char(36) COLLATE utf8mb4_general_ci NOT NULL,
  `project_id` char(36) COLLATE utf8mb4_general_ci NOT NULL,
  `total_floors` int DEFAULT NULL,
  `dimensions` text COLLATE utf8mb4_general_ci,
  `images` longtext CHARACTER SET utf8mb4 COLLATE utf8mb4_bin,
  `remarks` text COLLATE utf8mb4_general_ci,
  `approval_status` enum('pending','approved') COLLATE utf8mb4_general_ci DEFAULT 'pending',
  `created_at` timestamp NOT NULL DEFAULT CURRENT_TIMESTAMP,
  PRIMARY KEY (`id`),
  KEY `idx_reports_project` (`project_id`),
  CONSTRAINT `site_reports_ibfk_1` FOREIGN KEY (`project_id`) REFERENCES `projects` (`id`) ON DELETE CASCADE,
  CONSTRAINT `site_reports_chk_1` CHECK (json_valid(`images`))
) ENGINE=InnoDB DEFAULT CHARSET=utf8mb4 COLLATE=utf8mb4_general_ci;
/*!40101 SET character_set_client = @saved_cs_client */;

--
-- Dumping data for table `site_reports`
--

LOCK TABLES `site_reports` WRITE;
/*!40000 ALTER TABLE `site_reports` DISABLE KEYS */;
INSERT INTO `site_reports` VALUES ('0214fb23-ff0f-489c-8775-f8a2ef899629','c1e63a09-4d34-429c-9b4a-921844d3e52a',2,'30*40','[\"/uploads/report-image-1771992970259-0-1771992972179-416072032.jpeg\"]','I want that and this','pending','2026-02-25 04:16:12'),('339ada58-31d5-411e-b665-86609364ef3e','e05ab828-6eef-4c8d-afa3-30db421a6f5a',3,'60*50','[\"/uploads/report-image-1773390316848-0-1773390316149-705873506.jpg\"]','Done done done','pending','2026-03-13 08:25:16'),('3c2556f6-bfb0-4395-a5d0-05c06516dcd7','2591b94c-43d1-45e1-8590-6d62c8ba1369',5,'Dhdh','[\"/uploads/report-image-1772510801414-0-1772510801094-492153820.jpeg\"]','Bhdd','pending','2026-03-03 04:06:41'),('44c3bdde-1fa0-4ef6-bf69-da16ec4bac70','135b0ded-37a4-4389-94e2-371aba6fc438',646,'Sbhz','[\"/uploads/report-image-1772256361145-0-1772256360868-840575484.jpeg\"]',NULL,'pending','2026-02-28 05:26:01'),('6e534f8c-adab-4eaa-b816-ee7b28da6f0c','d69b9666-e218-4dc7-9319-93838ab825c5',2,'30x40','[\"test1.jpg\",\"test2.jpg\"]','Test report','pending','2026-03-12 09:01:18'),('7acb2b4c-ebd1-465b-968d-674224092b58','a8a2e8c5-2a1e-4439-8147-395a2669c47d',2,'20 30','[\"/uploads/report-image-1772427623002-0-1772427623271-703081842.jpeg\"]','I want this and that and this','pending','2026-03-02 05:00:23'),('cca0a271-9212-474d-b643-f04d0074ad02','bbb02993-b845-4eb3-9fa2-26cd462475d2',1,'2','[\"/uploads/report-image-1772172878199-0-1772172878088-306374507.jpeg\"]',NULL,'pending','2026-02-27 06:14:38');
/*!40000 ALTER TABLE `site_reports` ENABLE KEYS */;
UNLOCK TABLES;

--
-- Table structure for table `users`
--

DROP TABLE IF EXISTS `users`;
/*!40101 SET @saved_cs_client     = @@character_set_client */;
/*!50503 SET character_set_client = utf8mb4 */;
CREATE TABLE `users` (
  `id` char(36) COLLATE utf8mb4_general_ci NOT NULL,
  `name` varchar(100) COLLATE utf8mb4_general_ci NOT NULL,
  `email` varchar(120) COLLATE utf8mb4_general_ci NOT NULL,
  `phone` varchar(20) COLLATE utf8mb4_general_ci DEFAULT NULL,
  `password` varchar(255) COLLATE utf8mb4_general_ci NOT NULL,
  `role` enum('super_admin','admin','project_manager','site_incharge','finance','customer') COLLATE utf8mb4_general_ci NOT NULL,
  `is_active` tinyint(1) DEFAULT '1',
  `created_at` timestamp NOT NULL DEFAULT CURRENT_TIMESTAMP,
  PRIMARY KEY (`id`),
  UNIQUE KEY `email` (`email`),
  UNIQUE KEY `unique_phone` (`phone`),
  KEY `idx_users_role` (`role`)
) ENGINE=InnoDB DEFAULT CHARSET=utf8mb4 COLLATE=utf8mb4_general_ci;
/*!40101 SET character_set_client = @saved_cs_client */;

--
-- Dumping data for table `users`
--

LOCK TABLES `users` WRITE;
/*!40000 ALTER TABLE `users` DISABLE KEYS */;
INSERT INTO `users` VALUES ('10fb3610-39ec-4004-badf-af023fdd9412','Annappa','annappa@super.com','9977997799','$2b$10$YvXmUKDHb1ouz/Gx0FbetuwJLtXWbP31y70S/oZwV9E4P401Ukx52','super_admin',1,'2026-03-13 04:57:12'),('501da61c-3845-4dc3-bddc-c20287630658','Sibi','sibi@male.com','1234567890','$2b$10$GAuPAGgpD/2xomhsoGtT..GcyYK6kICUYDUpm51nsDvE4ZZGt7eaW','customer',1,'2026-02-23 09:25:28'),('758104ad-8d77-4c8f-ad72-f66a992a4f8f','chethan','chethan@mc.com','2234567890','$2b$10$vAKdr/P7lT7jRHrj7DhDt.DdxvbScc85ruIPdVSOSry8iJC97qIPu','admin',1,'2026-03-02 09:06:50'),('82280bf4-651d-43d9-8022-43988252741c','Chethan Raj C','2004chethanrajc@gmail.com','8792078322','$2b$10$NqmaXbVixOzP/gJlSQH5hOKbh0WziE9ENtN3H2aJB1TWNoqBJGCMi','admin',0,'2026-02-23 09:22:28'),('8eb70f63-2401-4d83-98af-36a8e2b6c0a8','Bsbx','dhdhc@mc.com','1234583598','$2b$10$D5L0IsrOiQuyz6V45ZOwrusp.EkIVilsWYU2y.9swW/lilJMNYGVq','super_admin',1,'2026-03-02 09:24:19'),('e6b7ad6e-4e96-473c-ab7c-36e5ee978bf0','chethan','superchethan@mc.com','3234567890','$2b$10$74KAUe5EaSs8YMck0ja38uqQalJda2LvBqJByOPmpqEtmamKeMwOy','super_admin',1,'2026-03-02 09:17:53'),('fcf8accb-21b2-46f2-8f08-a31ab4cb026e','annappa','annappa@admin.com','779977997799','$2b$10$fnAzZIicZh/GJpI1kOjnwOBYcI9C.rBkHirrBLCLk6WxkfaJ8wOfq','admin',1,'2026-03-13 04:52:01'),('u1','Super Admin','super@mc.com','9000000001','$2b$10$FFhjalp0xkLQcKPXgTb5..kh6zFFulX0RSOXRC8/tSmeaWr4zQIdu','super_admin',1,'2026-02-23 06:59:00'),('u10','Customer Amit','cust2@mc.com','9000000010','$2b$10$FFhjalp0xkLQcKPXgTb5..kh6zFFulX0RSOXRC8/tSmeaWr4zQIdu','customer',1,'2026-02-23 06:59:00'),('u11','Customer Vikram','cust3@mc.com','9000000011','hashed_pass','customer',0,'2026-02-23 06:59:00'),('u12','Customer Suresh','cust4@mc.com','9000000012','hashed_pass','customer',0,'2026-02-23 06:59:00'),('u2','Main Admin','admin@mc.com','9000000002','$2b$10$FFhjalp0xkLQcKPXgTb5..kh6zFFulX0RSOXRC8/tSmeaWr4zQIdu','admin',1,'2026-02-23 06:59:00'),('u3','PM Arjun','pm1@mc.com','9000000003','$2b$10$FFhjalp0xkLQcKPXgTb5..kh6zFFulX0RSOXRC8/tSmeaWr4zQIdu','project_manager',1,'2026-02-23 06:59:00'),('u4','PM Ravi','pm2@mc.com','9000000004','$2b$10$FFhjalp0xkLQcKPXgTb5..kh6zFFulX0RSOXRC8/tSmeaWr4zQIdu','project_manager',0,'2026-02-23 06:59:00'),('u5','Site Manoj','site1@mc.com','9000000005','$2b$10$FFhjalp0xkLQcKPXgTb5..kh6zFFulX0RSOXRC8/tSmeaWr4zQIdu','site_incharge',1,'2026-02-23 06:59:00'),('u6','Site Kiran','site2@mc.com','9000000006','$2b$10$FFhjalp0xkLQcKPXgTb5..kh6zFFulX0RSOXRC8/tSmeaWr4zQIdu','site_incharge',0,'2026-02-23 06:59:00'),('u7','Finance Meera','finance1@mc.com','9000000007','$2b$10$FFhjalp0xkLQcKPXgTb5..kh6zFFulX0RSOXRC8/tSmeaWr4zQIdu','finance',1,'2026-02-23 06:59:00'),('u8','Finance Nisha','finance2@mc.com','9000000008','$2b$10$FFhjalp0xkLQcKPXgTb5..kh6zFFulX0RSOXRC8/tSmeaWr4zQIdu','finance',0,'2026-02-23 06:59:00'),('u9','Customer Raj','cust1@mc.com','9000000009','hashed_pass','customer',1,'2026-02-23 06:59:00');
/*!40000 ALTER TABLE `users` ENABLE KEYS */;
UNLOCK TABLES;

--
-- Table structure for table `visits`
--

DROP TABLE IF EXISTS `visits`;
/*!40101 SET @saved_cs_client     = @@character_set_client */;
/*!50503 SET character_set_client = utf8mb4 */;
CREATE TABLE `visits` (
  `id` char(36) COLLATE utf8mb4_general_ci NOT NULL,
  `project_id` char(36) COLLATE utf8mb4_general_ci NOT NULL,
  `site_id` char(36) COLLATE utf8mb4_general_ci NOT NULL,
  `visit_date` date NOT NULL,
  `visit_time` time NOT NULL,
  `status` enum('scheduled','completed','rejected') COLLATE utf8mb4_general_ci DEFAULT 'scheduled',
  `rejection_reason` text COLLATE utf8mb4_general_ci,
  `rejection_description` text COLLATE utf8mb4_general_ci,
  `rejected_by` char(36) COLLATE utf8mb4_general_ci DEFAULT NULL,
  `rejected_at` timestamp NULL DEFAULT NULL,
  `created_at` timestamp NOT NULL DEFAULT CURRENT_TIMESTAMP,
  PRIMARY KEY (`id`),
  UNIQUE KEY `idx_site_schedule` (`site_id`,`visit_date`,`visit_time`),
  KEY `project_id` (`project_id`),
  CONSTRAINT `visits_ibfk_1` FOREIGN KEY (`project_id`) REFERENCES `projects` (`id`) ON DELETE CASCADE,
  CONSTRAINT `visits_ibfk_2` FOREIGN KEY (`site_id`) REFERENCES `users` (`id`)
) ENGINE=InnoDB DEFAULT CHARSET=utf8mb4 COLLATE=utf8mb4_general_ci;
/*!40101 SET character_set_client = @saved_cs_client */;

--
-- Dumping data for table `visits`
--

LOCK TABLES `visits` WRITE;
/*!40000 ALTER TABLE `visits` DISABLE KEYS */;
INSERT INTO `visits` VALUES ('0ba486f6-f3cb-4b52-ba0f-da25545cd0d4','99c7c4a9-94c1-43f3-8e01-1ba5d0fa6195','u5','2026-03-12','14:20:00','scheduled',NULL,NULL,NULL,NULL,'2026-03-12 08:51:35'),('1155c986-9fdf-419a-9eee-fd513e781314','a8a2e8c5-2a1e-4439-8147-395a2669c47d','u5','2026-03-02','10:27:00','completed',NULL,NULL,NULL,NULL,'2026-03-02 04:58:02'),('48ab9ee4-7f9a-4b87-a5b4-09ec57170911','99c7c4a9-94c1-43f3-8e01-1ba5d0fa6195','u5','2026-03-12','14:16:00','scheduled',NULL,NULL,NULL,NULL,'2026-03-12 08:46:17'),('514cc016-af57-4829-b490-c409eacf084d','135b0ded-37a4-4389-94e2-371aba6fc438','u5','2026-02-28','10:53:00','completed',NULL,NULL,NULL,NULL,'2026-02-28 05:23:11'),('5161dc22-f66d-4122-901e-e267b1204ba3','bbb02993-b845-4eb3-9fa2-26cd462475d2','u5','2026-02-28','10:00:00','completed',NULL,NULL,NULL,NULL,'2026-02-27 05:47:34'),('783ba5fd-e719-46c9-ab74-ce5fa878f8f6','e05ab828-6eef-4c8d-afa3-30db421a6f5a','u5','2026-03-13','13:48:00','rejected','En dm dm','All well all all dm','u5','2026-03-13 08:20:50','2026-03-13 08:18:45'),('81b77185-8fa1-49e1-988a-72e43662c4e0','e05ab828-6eef-4c8d-afa3-30db421a6f5a','u5','2026-03-16','13:51:00','rejected','Final rejection to check notification','Final rejection to check notification','u5','2026-03-13 08:22:43','2026-03-13 08:21:28'),('9122e7ce-1d58-47d9-bedf-2578967f8b73','e05ab828-6eef-4c8d-afa3-30db421a6f5a','u5','2026-03-14','13:18:00','rejected','Ek dm dm','Amm ek en en','u5','2026-03-13 08:17:47','2026-03-13 07:48:52'),('9b73b0c6-5193-4083-9bc0-371b990059ad','bbb02993-b845-4eb3-9fa2-26cd462475d2','u5','2026-02-28','10:30:00','completed',NULL,NULL,NULL,NULL,'2026-02-27 05:54:20'),('b0add329-acbd-4286-b49a-1630c66e50ca','e05ab828-6eef-4c8d-afa3-30db421a6f5a','u5','2026-03-13','12:56:00','rejected','Shedule to tomorrow','Tommorow can be done','u5','2026-03-13 07:46:08','2026-03-13 07:26:50'),('b8ad40bc-9787-4fe0-b585-5fa8db8e93b3','e05ab828-6eef-4c8d-afa3-30db421a6f5a','u5','2026-04-01','01:00:00','completed',NULL,NULL,NULL,NULL,'2026-03-13 08:23:38'),('c354000f-cf75-4528-bc5e-258b424028da','e05ab828-6eef-4c8d-afa3-30db421a6f5a','u5','2026-03-15','13:18:00','rejected','Ek ek dm','En dj to th en en en','u5','2026-03-13 07:52:54','2026-03-13 07:49:05'),('ced1b901-4851-4c0f-a351-d4f6fcc8d815','d69b9666-e218-4dc7-9319-93838ab825c5','u5','2024-12-15','10:00:00','completed',NULL,NULL,NULL,NULL,'2026-03-12 09:00:35'),('f4ea3a80-2910-401b-9295-2a52da2c5ae5','2591b94c-43d1-45e1-8590-6d62c8ba1369','u5','2026-03-03','09:34:00','completed',NULL,NULL,NULL,NULL,'2026-03-03 04:04:29'),('f9251558-7ca5-4a8c-9d23-56b7c126a796','c1e63a09-4d34-429c-9b4a-921844d3e52a','u5','2026-02-28','03:00:00','completed',NULL,NULL,NULL,NULL,'2026-02-23 11:20:46');
/*!40000 ALTER TABLE `visits` ENABLE KEYS */;
UNLOCK TABLES;

--
-- Table structure for table `work_log_images`
--

DROP TABLE IF EXISTS `work_log_images`;
/*!40101 SET @saved_cs_client     = @@character_set_client */;
/*!50503 SET character_set_client = utf8mb4 */;
CREATE TABLE `work_log_images` (
  `id` char(36) COLLATE utf8mb4_general_ci NOT NULL,
  `work_log_id` char(36) COLLATE utf8mb4_general_ci NOT NULL,
  `image_path` text COLLATE utf8mb4_general_ci NOT NULL,
  PRIMARY KEY (`id`),
  KEY `work_log_id` (`work_log_id`),
  CONSTRAINT `work_log_images_ibfk_1` FOREIGN KEY (`work_log_id`) REFERENCES `work_logs` (`id`) ON DELETE CASCADE
) ENGINE=InnoDB DEFAULT CHARSET=utf8mb4 COLLATE=utf8mb4_general_ci;
/*!40101 SET character_set_client = @saved_cs_client */;

--
-- Dumping data for table `work_log_images`
--

LOCK TABLES `work_log_images` WRITE;
/*!40000 ALTER TABLE `work_log_images` DISABLE KEYS */;
INSERT INTO `work_log_images` VALUES ('0d4393dd-d8f5-4e8d-99d3-c5c57e104a43','e45f66f7-71ee-44b7-916d-e4ce2dbdb101','/uploads/worklog-image-1773393013147-0-1773393012533-630102411.jpg'),('35c8ab81-8ddc-4151-9734-e642bbcabb7d','e45f66f7-71ee-44b7-916d-e4ce2dbdb101','/uploads/worklog-image-1773393558826-0-1773393558224-548187296.jpg'),('4b79bf5b-546c-4f73-8703-6f11ea3e537a','e45f66f7-71ee-44b7-916d-e4ce2dbdb101','/uploads/worklog-image-1773396545340-0-1773396544806-225170697.jpg'),('6e8e31b0-fc58-4a74-b5ff-e9169c6514fe','e45f66f7-71ee-44b7-916d-e4ce2dbdb101','/uploads/worklog-image-1773393048165-0-1773393047544-894863485.jpg'),('c5daa95b-1772-4346-9858-e0cae5d5712b','e45f66f7-71ee-44b7-916d-e4ce2dbdb101','file:///data/user/0/host.exp.exponent/files/worklog_watermarked_1773391486835.jpg');
/*!40000 ALTER TABLE `work_log_images` ENABLE KEYS */;
UNLOCK TABLES;

--
-- Table structure for table `work_logs`
--

DROP TABLE IF EXISTS `work_logs`;
/*!40101 SET @saved_cs_client     = @@character_set_client */;
/*!50503 SET character_set_client = utf8mb4 */;
CREATE TABLE `work_logs` (
  `id` char(36) COLLATE utf8mb4_general_ci NOT NULL,
  `project_id` char(36) COLLATE utf8mb4_general_ci NOT NULL,
  `floor_number` int DEFAULT NULL,
  `description` text COLLATE utf8mb4_general_ci,
  `created_by` char(36) COLLATE utf8mb4_general_ci NOT NULL,
  `created_at` timestamp NOT NULL DEFAULT CURRENT_TIMESTAMP,
  PRIMARY KEY (`id`),
  KEY `created_by` (`created_by`),
  KEY `idx_worklogs_project` (`project_id`),
  CONSTRAINT `work_logs_ibfk_1` FOREIGN KEY (`project_id`) REFERENCES `projects` (`id`) ON DELETE CASCADE,
  CONSTRAINT `work_logs_ibfk_2` FOREIGN KEY (`created_by`) REFERENCES `users` (`id`)
) ENGINE=InnoDB DEFAULT CHARSET=utf8mb4 COLLATE=utf8mb4_general_ci;
/*!40101 SET character_set_client = @saved_cs_client */;

--
-- Dumping data for table `work_logs`
--

LOCK TABLES `work_logs` WRITE;
/*!40000 ALTER TABLE `work_logs` DISABLE KEYS */;
INSERT INTO `work_logs` VALUES ('3c1a46a8-1318-4c9f-98ad-73a5fa85f390','c1e63a09-4d34-429c-9b4a-921844d3e52a',2,'Competed','u5','2026-02-25 05:29:17'),('6229f955-7946-4ba8-9fe0-8966ca7e7532','2591b94c-43d1-45e1-8590-6d62c8ba1369',5686,'Completed','u5','2026-03-03 04:12:29'),('7e4470e1-ed5f-4b27-993b-baaeb44bdf91','a8a2e8c5-2a1e-4439-8147-395a2669c47d',2,'Completed','u5','2026-03-02 08:37:25'),('e45f66f7-71ee-44b7-916d-e4ce2dbdb101','e05ab828-6eef-4c8d-afa3-30db421a6f5a',1,'Testing bug','u5','2026-03-13 08:33:23');
/*!40000 ALTER TABLE `work_logs` ENABLE KEYS */;
UNLOCK TABLES;
/*!40103 SET TIME_ZONE=@OLD_TIME_ZONE */;

/*!40101 SET SQL_MODE=@OLD_SQL_MODE */;
/*!40014 SET FOREIGN_KEY_CHECKS=@OLD_FOREIGN_KEY_CHECKS */;
/*!40014 SET UNIQUE_CHECKS=@OLD_UNIQUE_CHECKS */;
/*!40101 SET CHARACTER_SET_CLIENT=@OLD_CHARACTER_SET_CLIENT */;
/*!40101 SET CHARACTER_SET_RESULTS=@OLD_CHARACTER_SET_RESULTS */;
/*!40101 SET COLLATION_CONNECTION=@OLD_COLLATION_CONNECTION */;
/*!40111 SET SQL_NOTES=@OLD_SQL_NOTES */;

-- Dump completed on 2026-03-14  9:15:32
